playID,homeAbbr,awayAbbr,homeScore,awayScore
400763403_0_1,ND,TEX,0,0
400763403_0_2,ND,TEX,0,0
400763403_0_3,ND,TEX,0,0
400763403_0_4,ND,TEX,0,0
400763403_0_5,ND,TEX,0,0
400763403_0_6,ND,TEX,0,0
400763403_2_0,ND,TEX,0,0
400763403_2_1,ND,TEX,0,0
400763403_2_2,ND,TEX,0,0
400763403_2_3,ND,TEX,0,0
400763403_2_5,ND,TEX,0,0
400763403_2_6,ND,TEX,0,0
400763403_2_7,ND,TEX,7,0
400763403_4_0,ND,TEX,7,0
400763403_4_1,ND,TEX,7,0
400763403_4_2,ND,TEX,7,0
400763403_4_3,ND,TEX,7,0
400763403_4_4,ND,TEX,7,0
400763403_4_5,ND,TEX,7,0
400763403_4_6,ND,TEX,7,0
400763403_4_7,ND,TEX,7,0
400763403_4_8,ND,TEX,14,0
400763403_6_0,ND,TEX,14,0
400763403_6_1,ND,TEX,14,0
400763403_6_2,ND,TEX,14,0
400763403_6_3,ND,TEX,14,0
400763403_8_1,ND,TEX,14,0
400763403_8_2,ND,TEX,14,0
400763403_8_4,ND,TEX,14,0
400763403_10_0,ND,TEX,17,0
400763403_10_1,ND,TEX,17,0
400763403_10_2,ND,TEX,17,0
400763403_10_3,ND,TEX,17,0
400763403_10_4,ND,TEX,17,0
400763403_10_6,ND,TEX,17,0
400763403_13_0,ND,TEX,17,0
400763403_13_1,ND,TEX,17,0
400763403_13_2,ND,TEX,17,0
400763403_13_3,ND,TEX,17,0
400763403_13_4,ND,TEX,17,0
400763403_13_5,ND,TEX,17,0
400763403_13_6,ND,TEX,17,0
400763403_15_1,ND,TEX,17,3
400763403_15_3,ND,TEX,17,3
400763403_15_4,ND,TEX,17,3
400763403_15_5,ND,TEX,17,3
400763403_15_6,ND,TEX,24,3
400763403_17_0,ND,TEX,24,3
400763403_17_1,ND,TEX,24,3
400763403_17_2,ND,TEX,24,3
400763403_17_3,ND,TEX,24,3
400763403_17_4,ND,TEX,31,3
400763403_19_0,ND,TEX,31,3
400763403_19_3,ND,TEX,31,3
400763403_19_4,ND,TEX,31,3
400763403_19_5,ND,TEX,31,3
400763403_19_6,ND,TEX,31,3
400763403_19_8,ND,TEX,31,3
400763403_19_9,ND,TEX,38,3
400763403_21_0,ND,TEX,38,3
400763403_21_1,ND,TEX,38,3
400763403_21_2,ND,TEX,38,3
400763403_21_3,ND,TEX,38,3
400763403_21_4,ND,TEX,38,3
400763403_21_5,ND,TEX,38,3
400763403_21_6,ND,TEX,38,3
400763403_21_7,ND,TEX,38,3
400763403_21_8,ND,TEX,38,3
400763403_23_0,ND,TEX,38,3
400763403_23_1,ND,TEX,38,3
400763403_23_2,ND,TEX,38,3
400763403_23_3,ND,TEX,38,3
400763403_23_4,ND,TEX,38,3
400763452_0_1,TEX,KU,0,0
400763452_0_2,TEX,KU,0,0
400763452_0_3,TEX,KU,0,0
400763452_0_5,TEX,KU,0,0
400763452_2_1,TEX,KU,7,0
400763452_2_2,TEX,KU,7,0
400763452_2_3,TEX,KU,7,0
400763452_4_1,TEX,KU,10,0
400763452_4_2,TEX,KU,10,0
400763452_4_4,TEX,KU,10,0
400763452_4_5,TEX,KU,10,0
400763452_6_1,TEX,KU,17,0
400763452_6_2,TEX,KU,17,0
400763452_6_3,TEX,KU,17,0
400763452_8_0,TEX,KU,17,0
400763452_8_1,TEX,KU,17,0
400763452_8_2,TEX,KU,17,0
400763452_8_3,TEX,KU,17,0
400763452_8_5,TEX,KU,17,0
400763452_8_6,TEX,KU,17,0
400763452_8_8,TEX,KU,17,0
400763452_8_9,TEX,KU,17,7
400763452_11_1,TEX,KU,24,7
400763452_11_2,TEX,KU,24,7
400763452_11_3,TEX,KU,24,7
400763452_11_4,TEX,KU,24,7
400763452_11_5,TEX,KU,24,7
400763452_11_6,TEX,KU,24,7
400763452_11_7,TEX,KU,24,7
400763452_11_8,TEX,KU,24,7
400763452_11_9,TEX,KU,24,7
400763452_11_10,TEX,KU,24,7
400763452_11_11,TEX,KU,24,7
400763452_11_12,TEX,KU,24,14
400763452_13_0,TEX,KU,24,14
400763452_13_1,TEX,KU,24,14
400763452_13_2,TEX,KU,24,14
400763452_15_0,TEX,KU,24,14
400763452_15_1,TEX,KU,24,14
400763452_15_4,TEX,KU,24,14
400763452_15_5,TEX,KU,24,14
400763452_15_6,TEX,KU,24,14
400763452_15_7,TEX,KU,24,14
400763452_15_8,TEX,KU,24,14
400763452_15_9,TEX,KU,24,14
400763452_17_0,TEX,KU,24,14
400763452_17_1,TEX,KU,24,14
400763452_17_2,TEX,KU,24,14
400763452_17_3,TEX,KU,24,14
400763452_17_4,TEX,KU,24,14
400763452_19_1,TEX,KU,31,14
400763452_19_2,TEX,KU,31,14
400763452_19_3,TEX,KU,31,14
400763452_21_1,TEX,KU,38,14
400763452_21_2,TEX,KU,38,14
400763452_21_5,TEX,KU,38,14
400763452_21_6,TEX,KU,38,14
400763452_21_8,TEX,KU,38,14
400763452_23_1,TEX,KU,45,14
400763452_23_2,TEX,KU,45,14
400763452_23_3,TEX,KU,45,14
400763452_23_4,TEX,KU,45,14
400763452_23_5,TEX,KU,45,14
400763452_25_1,TEX,KU,52,14
400763452_25_2,TEX,KU,52,14
400763452_25_3,TEX,KU,52,14
400763452_27_1,TEX,KU,59,14
400763452_27_2,TEX,KU,59,14
400763452_27_3,TEX,KU,59,14
400763452_27_4,TEX,KU,59,14
400763452_29_0,TEX,KU,59,14
400763452_29_1,TEX,KU,59,14
400763452_29_2,TEX,KU,59,14
400763452_29_3,TEX,KU,59,14
400763452_29_4,TEX,KU,59,14
400763452_29_5,TEX,KU,59,14
400763452_29_6,TEX,KU,59,14
400763452_29_7,TEX,KU,59,14
400763452_29_8,TEX,KU,59,14
400763452_29_10,TEX,KU,59,14
400763452_29_11,TEX,KU,59,20
400763458_0_2,WVU,TEX,0,0
400763458_0_3,WVU,TEX,0,0
400763458_0_4,WVU,TEX,0,0
400763458_0_5,WVU,TEX,0,0
400763458_0_6,WVU,TEX,0,0
400763458_2_0,WVU,TEX,0,0
400763458_2_1,WVU,TEX,0,0
400763458_2_2,WVU,TEX,0,0
400763458_4_1,WVU,TEX,0,3
400763458_4_2,WVU,TEX,0,3
400763458_4_4,WVU,TEX,0,3
400763458_4_5,WVU,TEX,0,3
400763458_4_6,WVU,TEX,0,3
400763458_7_1,WVU,TEX,7,10
400763458_7_3,WVU,TEX,7,10
400763458_7_4,WVU,TEX,7,10
400763458_7_5,WVU,TEX,7,10
400763458_7_6,WVU,TEX,7,10
400763458_7_7,WVU,TEX,7,10
400763458_9_0,WVU,TEX,7,10
400763458_9_1,WVU,TEX,7,10
400763458_9_2,WVU,TEX,7,10
400763458_9_3,WVU,TEX,7,10
400763458_9_4,WVU,TEX,7,10
400763458_9_5,WVU,TEX,7,10
400763458_9_6,WVU,TEX,7,10
400763458_9_7,WVU,TEX,14,10
400763458_11_0,WVU,TEX,14,10
400763458_11_1,WVU,TEX,14,10
400763458_11_2,WVU,TEX,14,10
400763458_11_3,WVU,TEX,21,10
400763458_14_1,WVU,TEX,21,17
400763458_14_2,WVU,TEX,21,17
400763458_14_3,WVU,TEX,21,17
400763458_16_0,WVU,TEX,21,17
400763458_16_1,WVU,TEX,21,17
400763458_16_2,WVU,TEX,21,17
400763458_16_3,WVU,TEX,21,17
400763458_16_4,WVU,TEX,21,17
400763458_16_5,WVU,TEX,28,17
400763458_18_0,WVU,TEX,28,17
400763458_18_1,WVU,TEX,28,17
400763458_18_2,WVU,TEX,28,17
400763458_18_4,WVU,TEX,28,17
400763458_20_0,WVU,TEX,31,17
400763458_20_1,WVU,TEX,31,17
400763458_22_1,WVU,TEX,31,20
400763458_22_2,WVU,TEX,31,20
400763458_22_3,WVU,TEX,31,20
400763458_24_0,WVU,TEX,31,20
400763458_24_1,WVU,TEX,31,20
400763458_24_2,WVU,TEX,31,20
400763458_24_3,WVU,TEX,31,20
400763458_24_4,WVU,TEX,31,20
400763458_24_5,WVU,TEX,31,20
400763458_24_6,WVU,TEX,31,20
400763458_24_7,WVU,TEX,38,20
400763458_26_0,WVU,TEX,38,20
400763458_26_1,WVU,TEX,38,20
400763458_26_2,WVU,TEX,38,20
400763463_0_1,TEX,TTU,0,0
400763463_0_2,TEX,TTU,0,0
400763463_0_3,TEX,TTU,0,0
400763463_0_4,TEX,TTU,0,0
400763463_0_5,TEX,TTU,0,0
400763463_0_6,TEX,TTU,0,0
400763463_0_7,TEX,TTU,0,0
400763463_0_8,TEX,TTU,0,0
400763463_0_9,TEX,TTU,0,0
400763463_2_0,TEX,TTU,0,0
400763463_2_1,TEX,TTU,0,0
400763463_2_2,TEX,TTU,0,0
400763463_4_0,TEX,TTU,0,0
400763463_4_1,TEX,TTU,0,0
400763463_4_3,TEX,TTU,0,0
400763463_4_4,TEX,TTU,0,0
400763463_8_1,TEX,TTU,3,0
400763463_8_2,TEX,TTU,3,7
400763463_10_0,TEX,TTU,3,7
400763463_10_2,TEX,TTU,3,7
400763463_10_3,TEX,TTU,3,7
400763463_12_0,TEX,TTU,3,7
400763463_12_1,TEX,TTU,3,7
400763463_12_2,TEX,TTU,3,7
400763463_12_3,TEX,TTU,3,7
400763463_12_5,TEX,TTU,3,7
400763463_14_0,TEX,TTU,3,10
400763463_14_1,TEX,TTU,3,10
400763463_14_2,TEX,TTU,3,10
400763463_14_3,TEX,TTU,3,10
400763463_14_4,TEX,TTU,3,10
400763463_16_1,TEX,TTU,10,10
400763463_16_2,TEX,TTU,10,10
400763463_16_4,TEX,TTU,10,10
400763463_18_0,TEX,TTU,10,10
400763463_18_1,TEX,TTU,10,10
400763463_18_2,TEX,TTU,10,10
400763463_18_3,TEX,TTU,10,10
400763463_18_4,TEX,TTU,10,17
400763463_20_0,TEX,TTU,10,17
400763463_20_1,TEX,TTU,10,17
400763463_20_2,TEX,TTU,10,17
400763463_20_4,TEX,TTU,10,17
400763463_20_5,TEX,TTU,10,17
400763463_22_0,TEX,TTU,10,17
400763463_22_1,TEX,TTU,10,17
400763463_22_2,TEX,TTU,10,17
400763463_22_3,TEX,TTU,10,17
400763463_22_4,TEX,TTU,10,17
400763463_22_5,TEX,TTU,10,17
400763463_22_6,TEX,TTU,10,17
400763463_22_8,TEX,TTU,10,17
400763463_22_9,TEX,TTU,10,17
400763463_22_10,TEX,TTU,10,17
400763463_22_11,TEX,TTU,10,17
400763463_22_12,TEX,TTU,10,24
400763463_24_0,TEX,TTU,10,24
400763463_26_1,TEX,TTU,17,24
400763463_26_2,TEX,TTU,17,24
400763463_26_3,TEX,TTU,17,24
400763463_26_4,TEX,TTU,17,24
400763463_28_1,TEX,TTU,24,27
400763463_28_2,TEX,TTU,24,27
400763463_28_3,TEX,TTU,24,27
400763463_28_4,TEX,TTU,24,27
400763463_28_5,TEX,TTU,24,27
400763463_28_7,TEX,TTU,24,27
400763463_28_8,TEX,TTU,24,34
400763463_30_1,TEX,TTU,31,34
400763463_30_2,TEX,TTU,31,34
400763463_30_3,TEX,TTU,31,34
400763463_30_4,TEX,TTU,31,34
400763463_32_1,TEX,TTU,38,34
400763463_32_2,TEX,TTU,38,34
400763463_32_3,TEX,TTU,38,34
400763463_32_4,TEX,TTU,38,34
400763463_32_5,TEX,TTU,38,34
400763463_32_6,TEX,TTU,38,41
400763463_34_0,TEX,TTU,38,48
400763463_36_1,TEX,TTU,45,48
400763463_36_3,TEX,TTU,45,48
400763463_36_5,TEX,TTU,45,48
400763463_36_6,TEX,TTU,45,48
400763463_36_7,TEX,TTU,45,48
400763468_0_1,BAY,TEX,0,0
400763468_0_2,BAY,TEX,0,0
400763468_0_3,BAY,TEX,0,0
400763468_0_4,BAY,TEX,0,0
400763468_0_5,BAY,TEX,0,0
400763468_0_6,BAY,TEX,0,0
400763468_0_7,BAY,TEX,0,0
400763468_0_8,BAY,TEX,0,0
400763468_0_9,BAY,TEX,0,0
400763468_2_1,BAY,TEX,0,7
400763468_2_2,BAY,TEX,0,7
400763468_2_3,BAY,TEX,0,7
400763468_4_1,BAY,TEX,0,10
400763468_4_2,BAY,TEX,0,10
400763468_4_3,BAY,TEX,0,10
400763468_4_4,BAY,TEX,0,10
400763468_4_7,BAY,TEX,0,10
400763468_6_0,BAY,TEX,0,10
400763468_8_1,BAY,TEX,0,17
400763468_8_2,BAY,TEX,0,17
400763468_8_3,BAY,TEX,0,17
400763468_10_0,BAY,TEX,0,17
400763468_10_2,BAY,TEX,0,17
400763468_10_3,BAY,TEX,0,17
400763468_12_0,BAY,TEX,0,17
400763468_12_2,BAY,TEX,0,17
400763468_12_3,BAY,TEX,0,17
400763468_14_0,BAY,TEX,0,17
400763468_14_2,BAY,TEX,0,17
400763468_14_3,BAY,TEX,0,17
400763468_14_4,BAY,TEX,0,17
400763468_14_5,BAY,TEX,0,17
400763468_14_6,BAY,TEX,0,17
400763468_14_7,BAY,TEX,0,17
400763468_14_9,BAY,TEX,0,17
400763468_16_1,BAY,TEX,0,20
400763468_16_2,BAY,TEX,0,20
400763468_16_3,BAY,TEX,0,20
400763468_16_4,BAY,TEX,0,20
400763468_16_5,BAY,TEX,0,20
400763468_16_6,BAY,TEX,0,20
400763468_16_7,BAY,TEX,0,20
400763468_16_8,BAY,TEX,0,20
400763468_16_9,BAY,TEX,0,20
400763468_16_11,BAY,TEX,0,20
400763468_19_0,BAY,TEX,0,20
400763468_19_1,BAY,TEX,0,20
400763468_19_2,BAY,TEX,0,20
400763468_19_3,BAY,TEX,0,20
400763468_19_4,BAY,TEX,0,20
400763468_19_5,BAY,TEX,0,20
400763468_19_6,BAY,TEX,0,20
400763468_19_7,BAY,TEX,7,20
400763468_21_0,BAY,TEX,7,20
400763468_21_1,BAY,TEX,7,20
400763468_21_2,BAY,TEX,7,20
400763468_21_3,BAY,TEX,7,20
400763468_21_4,BAY,TEX,7,20
400763468_21_5,BAY,TEX,7,20
400763468_21_6,BAY,TEX,7,20
400763468_21_7,BAY,TEX,7,20
400763468_21_8,BAY,TEX,7,20
400763468_21_9,BAY,TEX,7,20
400763468_21_10,BAY,TEX,7,20
400763468_21_11,BAY,TEX,7,20
400763468_21_12,BAY,TEX,7,20
400763468_21_13,BAY,TEX,7,20
400763468_21_15,BAY,TEX,7,20
400763468_21_16,BAY,TEX,7,20
400763468_21_17,BAY,TEX,7,20
400763468_23_0,BAY,TEX,10,20
400763468_23_1,BAY,TEX,10,20
400763468_23_2,BAY,TEX,10,20
400763468_23_3,BAY,TEX,10,20
400763468_23_4,BAY,TEX,10,20
400763468_23_5,BAY,TEX,10,20
400763468_23_6,BAY,TEX,10,20
400763468_23_7,BAY,TEX,10,20
400763468_23_8,BAY,TEX,17,20
400763468_25_1,BAY,TEX,17,23
400763468_25_2,BAY,TEX,17,23
400763468_25_3,BAY,TEX,17,23
400763468_27_0,BAY,TEX,17,23
400763468_27_1,BAY,TEX,17,23
400763468_27_3,BAY,TEX,17,23
400763468_27_4,BAY,TEX,17,23
400763468_27_5,BAY,TEX,17,23
400763468_27_6,BAY,TEX,17,23
400763468_27_7,BAY,TEX,17,23
400763468_27_8,BAY,TEX,17,23
400763468_27_10,BAY,TEX,17,23
400763413_0_3,TEX,RICE,0,0
400763413_0_4,TEX,RICE,0,0
400763413_0_5,TEX,RICE,0,0
400763413_2_1,TEX,RICE,7,0
400763413_2_2,TEX,RICE,7,0
400763413_2_3,TEX,RICE,7,0
400763413_2_4,TEX,RICE,7,0
400763413_2_5,TEX,RICE,7,0
400763413_3_1,TEX,RICE,14,0
400763413_3_4,TEX,RICE,14,0
400763413_5_1,TEX,RICE,21,0
400763413_5_2,TEX,RICE,21,0
400763413_5_3,TEX,RICE,21,0
400763413_5_4,TEX,RICE,21,0
400763413_5_5,TEX,RICE,21,0
400763413_5_6,TEX,RICE,21,0
400763413_5_7,TEX,RICE,21,0
400763413_5_9,TEX,RICE,21,0
400763413_5_10,TEX,RICE,21,0
400763413_5_11,TEX,RICE,21,0
400763413_5_12,TEX,RICE,21,0
400763413_5_13,TEX,RICE,21,0
400763413_5_14,TEX,RICE,21,0
400763413_6_0,TEX,RICE,21,0
400763413_6_1,TEX,RICE,21,0
400763413_6_2,TEX,RICE,21,0
400763413_6_3,TEX,RICE,21,7
400763413_8_0,TEX,RICE,21,7
400763413_8_1,TEX,RICE,21,7
400763413_8_2,TEX,RICE,21,7
400763413_8_3,TEX,RICE,21,7
400763413_8_4,TEX,RICE,21,7
400763413_8_5,TEX,RICE,21,7
400763413_8_6,TEX,RICE,21,7
400763413_8_7,TEX,RICE,21,7
400763413_8_8,TEX,RICE,21,7
400763413_8_9,TEX,RICE,21,7
400763413_8_10,TEX,RICE,21,7
400763413_8_11,TEX,RICE,21,7
400763413_8_12,TEX,RICE,21,7
400763413_8_13,TEX,RICE,21,7
400763413_8_14,TEX,RICE,21,7
400763413_8_15,TEX,RICE,21,14
400763413_10_0,TEX,RICE,21,14
400763413_10_1,TEX,RICE,21,14
400763413_10_3,TEX,RICE,21,14
400763413_10_4,TEX,RICE,21,14
400763413_10_5,TEX,RICE,21,14
400763413_13_1,TEX,RICE,28,14
400763413_13_2,TEX,RICE,28,14
400763413_13_3,TEX,RICE,28,14
400763413_13_4,TEX,RICE,28,14
400763413_13_5,TEX,RICE,28,14
400763413_13_6,TEX,RICE,28,14
400763413_13_7,TEX,RICE,28,14
400763413_13_8,TEX,RICE,28,14
400763413_15_0,TEX,RICE,28,14
400763413_16_1,TEX,RICE,35,14
400763413_16_2,TEX,RICE,35,14
400763413_16_3,TEX,RICE,35,14
400763413_18_0,TEX,RICE,35,14
400763413_18_1,TEX,RICE,35,14
400763413_18_2,TEX,RICE,35,14
400763413_20_1,TEX,RICE,42,14
400763413_20_2,TEX,RICE,42,14
400763413_20_3,TEX,RICE,42,14
400763413_20_5,TEX,RICE,42,14
400763413_20_6,TEX,RICE,42,14
400763413_20_7,TEX,RICE,42,14
400763413_20_8,TEX,RICE,42,14
400763413_20_9,TEX,RICE,42,14
400763413_20_10,TEX,RICE,42,14
400763413_20_11,TEX,RICE,42,14
400763413_20_12,TEX,RICE,42,14
400763413_20_13,TEX,RICE,42,14
400763413_20_14,TEX,RICE,42,14
400763413_20_17,TEX,RICE,42,14
400763413_20_18,TEX,RICE,42,14
400763413_20_19,TEX,RICE,42,14
400763413_20_20,TEX,RICE,42,14
400763413_20_22,TEX,RICE,42,21
400763413_22_0,TEX,RICE,42,21
400763413_22_1,TEX,RICE,42,21
400763413_22_2,TEX,RICE,42,21
400763413_22_3,TEX,RICE,42,21
400763413_22_4,TEX,RICE,42,21
400763413_22_5,TEX,RICE,42,21
400763413_22_6,TEX,RICE,42,21
400763413_22_7,TEX,RICE,42,28
400763413_23_3,TEX,RICE,42,28
400763413_23_4,TEX,RICE,42,28
400763413_23_5,TEX,RICE,42,28
400757034_0_1,TEX,CAL,0,0
400757034_0_2,TEX,CAL,0,0
400757034_0_3,TEX,CAL,0,0
400757034_2_0,TEX,CAL,0,0
400757034_2_1,TEX,CAL,0,0
400757034_2_2,TEX,CAL,0,0
400757034_2_3,TEX,CAL,0,0
400757034_2_4,TEX,CAL,0,0
400757034_2_5,TEX,CAL,0,0
400757034_2_6,TEX,CAL,0,0
400757034_2_7,TEX,CAL,0,0
400757034_2_8,TEX,CAL,0,0
400757034_2_9,TEX,CAL,0,0
400757034_2_10,TEX,CAL,0,7
400757034_4_1,TEX,CAL,7,7
400757034_4_2,TEX,CAL,7,7
400757034_4_3,TEX,CAL,7,7
400757034_4_4,TEX,CAL,7,7
400757034_4_5,TEX,CAL,7,7
400757034_4_6,TEX,CAL,7,7
400757034_4_7,TEX,CAL,7,7
400757034_4_8,TEX,CAL,7,7
400757034_6_1,TEX,CAL,10,7
400757034_6_2,TEX,CAL,10,7
400757034_6_3,TEX,CAL,10,7
400757034_6_4,TEX,CAL,10,7
400757034_6_5,TEX,CAL,10,7
400757034_6_6,TEX,CAL,10,7
400757034_6_7,TEX,CAL,10,7
400757034_6_9,TEX,CAL,10,14
400757034_8_1,TEX,CAL,17,14
400757034_8_2,TEX,CAL,17,14
400757034_8_3,TEX,CAL,17,14
400757034_8_4,TEX,CAL,17,14
400757034_8_5,TEX,CAL,17,14
400757034_10_0,TEX,CAL,17,14
400757034_10_1,TEX,CAL,17,14
400757034_12_1,TEX,CAL,24,14
400757034_12_2,TEX,CAL,24,14
400757034_12_3,TEX,CAL,24,14
400757034_12_5,TEX,CAL,24,21
400757034_14_0,TEX,CAL,24,21
400757034_14_1,TEX,CAL,24,21
400757034_14_2,TEX,CAL,24,21
400757034_16_0,TEX,CAL,24,24
400757034_16_1,TEX,CAL,24,24
400757034_16_2,TEX,CAL,24,24
400757034_16_3,TEX,CAL,24,24
400757034_16_4,TEX,CAL,24,24
400757034_16_5,TEX,CAL,24,24
400757034_16_6,TEX,CAL,24,24
400757034_16_7,TEX,CAL,24,31
400757034_18_0,TEX,CAL,24,31
400757034_18_1,TEX,CAL,24,31
400757034_18_2,TEX,CAL,24,31
400757034_18_3,TEX,CAL,24,31
400757034_18_5,TEX,CAL,24,31
400757034_18_6,TEX,CAL,24,31
400757034_18_7,TEX,CAL,24,31
400757034_18_8,TEX,CAL,24,38
400757034_20_0,TEX,CAL,24,38
400757034_20_1,TEX,CAL,24,45
400757034_22_2,TEX,CAL,31,45
400757034_22_3,TEX,CAL,31,45
400757034_22_5,TEX,CAL,31,45
400757034_22_6,TEX,CAL,31,45
400757034_22_7,TEX,CAL,31,45
400757034_22_8,TEX,CAL,31,45
400757034_24_0,TEX,CAL,31,45
400757034_24_1,TEX,CAL,31,45
400757034_24_2,TEX,CAL,31,45
400757034_26_1,TEX,CAL,38,45
400757034_26_2,TEX,CAL,38,45
400757034_26_4,TEX,CAL,38,45
400757034_28_0,TEX,CAL,44,45
400757034_28_1,TEX,CAL,44,45
400763424_1_0,TEX,OKST,0,0
400763424_1_1,TEX,OKST,0,0
400763424_1_2,TEX,OKST,0,0
400763424_1_3,TEX,OKST,0,0
400763424_1_5,TEX,OKST,0,0
400763424_1_6,TEX,OKST,0,0
400763424_1_7,TEX,OKST,0,0
400763424_1_8,TEX,OKST,0,0
400763424_1_9,TEX,OKST,0,7
400763424_3_1,TEX,OKST,3,7
400763424_3_2,TEX,OKST,3,7
400763424_3_3,TEX,OKST,3,7
400763424_3_4,TEX,OKST,3,7
400763424_3_5,TEX,OKST,3,14
400763424_5_1,TEX,OKST,6,14
400763424_5_2,TEX,OKST,6,14
400763424_5_3,TEX,OKST,6,14
400763424_5_5,TEX,OKST,6,14
400763424_6_1,TEX,OKST,13,14
400763424_6_2,TEX,OKST,13,14
400763424_6_3,TEX,OKST,13,14
400763424_6_4,TEX,OKST,13,14
400763424_6_5,TEX,OKST,13,14
400763424_6_6,TEX,OKST,13,14
400763424_6_7,TEX,OKST,13,14
400763424_6_8,TEX,OKST,13,14
400763424_6_10,TEX,OKST,13,14
400763424_6_11,TEX,OKST,13,14
400763424_6_12,TEX,OKST,13,14
400763424_8_1,TEX,OKST,20,17
400763424_8_2,TEX,OKST,20,17
400763424_8_3,TEX,OKST,20,17
400763424_8_4,TEX,OKST,20,17
400763424_8_5,TEX,OKST,20,17
400763424_8_6,TEX,OKST,20,17
400763424_8_7,TEX,OKST,20,17
400763424_8_9,TEX,OKST,20,17
400763424_8_11,TEX,OKST,20,17
400763424_10_0,TEX,OKST,20,17
400763424_10_1,TEX,OKST,20,17
400763424_10_2,TEX,OKST,20,17
400763424_10_3,TEX,OKST,20,17
400763424_12_0,TEX,OKST,20,17
400763424_12_1,TEX,OKST,20,17
400763424_12_2,TEX,OKST,20,17
400763424_12_3,TEX,OKST,20,17
400763424_12_4,TEX,OKST,20,17
400763424_12_5,TEX,OKST,20,17
400763424_12_6,TEX,OKST,20,17
400763424_12_7,TEX,OKST,20,17
400763424_12_8,TEX,OKST,20,17
400763424_12_9,TEX,OKST,20,17
400763424_12_10,TEX,OKST,20,17
400763424_12_11,TEX,OKST,20,17
400763424_12_12,TEX,OKST,20,24
400763424_14_0,TEX,OKST,20,24
400763424_14_1,TEX,OKST,20,24
400763424_16_0,TEX,OKST,20,24
400763424_16_1,TEX,OKST,20,24
400763424_16_2,TEX,OKST,20,24
400763424_16_3,TEX,OKST,20,24
400763424_17_1,TEX,OKST,27,24
400763424_17_2,TEX,OKST,27,24
400763424_17_3,TEX,OKST,27,24
400763424_17_5,TEX,OKST,27,24
400763424_17_6,TEX,OKST,27,24
400763424_17_7,TEX,OKST,27,24
400763424_19_0,TEX,OKST,27,24
400763424_19_1,TEX,OKST,27,24
400763424_21_0,TEX,OKST,27,24
400763424_21_1,TEX,OKST,27,24
400763424_21_4,TEX,OKST,27,24
400763424_23_0,TEX,OKST,27,24
400763424_23_4,TEX,OKST,27,24
400763424_23_5,TEX,OKST,27,24
400763424_23_6,TEX,OKST,27,24
400763424_25_0,TEX,OKST,27,27
400763430_0_1,TCU,TEX,0,0
400763430_0_2,TCU,TEX,0,0
400763430_0_3,TCU,TEX,0,0
400763430_2_0,TCU,TEX,0,0
400763430_2_1,TCU,TEX,0,0
400763430_2_3,TCU,TEX,0,0
400763430_2_4,TCU,TEX,7,0
400763430_4_1,TCU,TEX,9,0
400763430_4_2,TCU,TEX,9,0
400763430_4_3,TCU,TEX,9,0
400763430_4_4,TCU,TEX,9,0
400763430_4_5,TCU,TEX,16,0
400763430_6_0,TCU,TEX,16,0
400763430_6_1,TCU,TEX,16,0
400763430_6_2,TCU,TEX,16,0
400763430_8_0,TCU,TEX,16,0
400763430_8_2,TCU,TEX,23,0
400763430_10_0,TCU,TEX,23,0
400763430_10_1,TCU,TEX,23,0
400763430_10_2,TCU,TEX,23,0
400763430_10_3,TCU,TEX,23,0
400763430_10_4,TCU,TEX,23,0
400763430_10_5,TCU,TEX,30,0
400763430_12_0,TCU,TEX,30,0
400763430_12_1,TCU,TEX,30,0
400763430_12_2,TCU,TEX,30,0
400763430_12_3,TCU,TEX,30,0
400763430_12_4,TCU,TEX,30,0
400763430_12_5,TCU,TEX,30,0
400763430_14_0,TCU,TEX,30,0
400763430_14_1,TCU,TEX,30,0
400763430_14_2,TCU,TEX,30,0
400763430_16_0,TCU,TEX,30,0
400763430_16_1,TCU,TEX,30,0
400763430_16_2,TCU,TEX,30,0
400763430_16_3,TCU,TEX,37,0
400763430_19_0,TCU,TEX,37,0
400763430_19_1,TCU,TEX,37,0
400763430_19_2,TCU,TEX,37,0
400763430_19_3,TCU,TEX,37,0
400763430_19_4,TCU,TEX,44,0
400763430_21_0,TCU,TEX,44,0
400763430_21_1,TCU,TEX,44,0
400763430_21_2,TCU,TEX,44,0
400763430_21_3,TCU,TEX,44,0
400763430_21_4,TCU,TEX,44,0
400763430_21_5,TCU,TEX,44,0
400763430_21_6,TCU,TEX,44,0
400763430_23_0,TCU,TEX,44,0
400763430_23_2,TCU,TEX,44,0
400763430_23_3,TCU,TEX,44,0
400763430_23_4,TCU,TEX,44,0
400763430_23_5,TCU,TEX,44,0
400763430_23_6,TCU,TEX,44,0
400763430_23_7,TCU,TEX,44,0
400763430_23_8,TCU,TEX,44,0
400763430_23_9,TCU,TEX,44,0
400763430_23_10,TCU,TEX,44,0
400763430_23_11,TCU,TEX,44,0
400763430_23_12,TCU,TEX,44,0
400763430_23_13,TCU,TEX,44,0
400763430_25_0,TCU,TEX,47,0
400763430_25_1,TCU,TEX,47,0
400763430_25_2,TCU,TEX,47,0
400763430_25_3,TCU,TEX,47,0
400763430_25_5,TCU,TEX,47,0
400763430_25_6,TCU,TEX,47,0
400763430_27_0,TCU,TEX,50,0
400763430_27_1,TCU,TEX,50,0
400763430_27_2,TCU,TEX,50,0
400763430_29_1,TCU,TEX,50,7
400763430_29_2,TCU,TEX,50,7
400763430_29_3,TCU,TEX,50,7
400763430_29_4,TCU,TEX,50,7
400763430_29_5,TCU,TEX,50,7
400763430_29_6,TCU,TEX,50,7
400763430_29_7,TCU,TEX,50,7
400763430_29_8,TCU,TEX,50,7
400763430_29_9,TCU,TEX,50,7
400763434_0_2,TEX,OKLA,0,0
400763434_0_3,TEX,OKLA,0,0
400763434_0_4,TEX,OKLA,0,0
400763434_2_0,TEX,OKLA,0,0
400763434_2_1,TEX,OKLA,0,0
400763434_5_1,TEX,OKLA,14,0
400763434_5_2,TEX,OKLA,14,0
400763434_5_3,TEX,OKLA,14,0
400763434_5_4,TEX,OKLA,14,0
400763434_5_7,TEX,OKLA,14,0
400763434_7_0,TEX,OKLA,14,0
400763434_7_1,TEX,OKLA,14,0
400763434_7_3,TEX,OKLA,14,0
400763434_7_5,TEX,OKLA,14,0
400763434_9_0,TEX,OKLA,14,0
400763434_9_1,TEX,OKLA,14,0
400763434_9_2,TEX,OKLA,14,0
400763434_9_3,TEX,OKLA,14,0
400763434_9_4,TEX,OKLA,14,0
400763434_9_6,TEX,OKLA,14,0
400763434_9_7,TEX,OKLA,14,0
400763434_9_8,TEX,OKLA,14,0
400763434_9_9,TEX,OKLA,14,0
400763434_9_10,TEX,OKLA,14,0
400763434_9_11,TEX,OKLA,14,0
400763434_11_0,TEX,OKLA,14,3
400763434_11_2,TEX,OKLA,14,3
400763434_14_1,TEX,OKLA,17,3
400763434_14_2,TEX,OKLA,17,3
400763434_14_3,TEX,OKLA,17,3
400763434_14_4,TEX,OKLA,17,3
400763434_14_5,TEX,OKLA,17,3
400763434_14_6,TEX,OKLA,17,3
400763434_14_7,TEX,OKLA,17,3
400763434_14_8,TEX,OKLA,17,10
400763434_16_0,TEX,OKLA,17,10
400763434_16_1,TEX,OKLA,17,10
400763434_16_2,TEX,OKLA,17,10
400763434_16_3,TEX,OKLA,17,10
400763434_16_4,TEX,OKLA,17,10
400763434_16_5,TEX,OKLA,17,10
400763434_18_1,TEX,OKLA,24,10
400763434_18_2,TEX,OKLA,24,10
400763434_18_3,TEX,OKLA,24,10
400763434_18_4,TEX,OKLA,24,10
400763434_18_5,TEX,OKLA,24,10
400763434_18_6,TEX,OKLA,24,10
400763434_18_7,TEX,OKLA,24,10
400763434_18_8,TEX,OKLA,24,10
400763434_18_9,TEX,OKLA,24,10
400763434_18_10,TEX,OKLA,24,10
400763434_18_11,TEX,OKLA,24,10
400763434_18_12,TEX,OKLA,24,10
400763434_18_13,TEX,OKLA,24,10
400763434_18_14,TEX,OKLA,24,10
400763434_18_15,TEX,OKLA,24,17
400763434_20_0,TEX,OKLA,24,17
400763434_20_1,TEX,OKLA,24,17
400763434_20_3,TEX,OKLA,24,17
400763444_0_1,TEX,KSU,0,0
400763444_0_2,TEX,KSU,0,0
400763444_2_2,TEX,KSU,3,0
400763444_2_3,TEX,KSU,3,0
400763444_2_4,TEX,KSU,3,0
400763444_2_5,TEX,KSU,3,0
400763444_2_6,TEX,KSU,3,0
400763444_2_7,TEX,KSU,3,0
400763444_2_8,TEX,KSU,3,0
400763444_4_1,TEX,KSU,10,0
400763444_4_3,TEX,KSU,10,0
400763444_4_4,TEX,KSU,10,0
400763444_7_0,TEX,KSU,16,0
400763444_7_1,TEX,KSU,16,0
400763444_7_2,TEX,KSU,16,0
400763444_7_3,TEX,KSU,16,0
400763444_7_4,TEX,KSU,16,0
400763444_7_5,TEX,KSU,16,0
400763444_7_6,TEX,KSU,16,0
400763444_7_8,TEX,KSU,16,0
400763444_7_10,TEX,KSU,16,0
400763444_7_12,TEX,KSU,16,6
400763444_10_0,TEX,KSU,16,6
400763444_10_1,TEX,KSU,16,6
400763444_12_0,TEX,KSU,16,6
400763444_12_1,TEX,KSU,16,6
400763444_12_2,TEX,KSU,16,6
400763444_12_3,TEX,KSU,16,6
400763444_12_4,TEX,KSU,16,6
400763444_12_5,TEX,KSU,16,6
400763444_12_6,TEX,KSU,16,6
400763444_12_7,TEX,KSU,16,6
400763444_14_0,TEX,KSU,16,9
400763444_14_1,TEX,KSU,16,9
400763444_14_2,TEX,KSU,16,9
400763444_16_0,TEX,KSU,16,9
400763444_16_1,TEX,KSU,16,9
400763444_16_2,TEX,KSU,16,9
400763444_16_3,TEX,KSU,16,9
400763444_16_6,TEX,KSU,16,9
400763444_18_0,TEX,KSU,16,9
400763444_18_1,TEX,KSU,16,9
400763444_18_2,TEX,KSU,16,9
400763444_18_3,TEX,KSU,16,9
400763444_18_5,TEX,KSU,16,9
400763444_18_6,TEX,KSU,16,9
400763444_20_0,TEX,KSU,16,9
400763444_20_1,TEX,KSU,16,9
400763444_20_2,TEX,KSU,16,9
400763444_20_3,TEX,KSU,16,9
400763444_22_1,TEX,KSU,23,9
400763444_22_2,TEX,KSU,23,9
400763444_22_3,TEX,KSU,23,9
400763444_22_6,TEX,KSU,23,9
400763444_22_8,TEX,KSU,23,9
400763446_0_1,ISU,TEX,0,0
400763446_0_2,ISU,TEX,0,0
400763446_0_3,ISU,TEX,0,0
400763446_2_0,ISU,TEX,0,0
400763446_2_1,ISU,TEX,0,0
400763446_2_2,ISU,TEX,0,0
400763446_2_3,ISU,TEX,0,0
400763446_2_4,ISU,TEX,0,0
400763446_2_5,ISU,TEX,0,0
400763446_2_7,ISU,TEX,0,0
400763446_2_8,ISU,TEX,0,0
400763446_2_9,ISU,TEX,0,0
400763446_2_10,ISU,TEX,0,0
400763446_2_11,ISU,TEX,7,0
400763446_4_0,ISU,TEX,7,0
400763446_4_1,ISU,TEX,7,0
400763446_4_2,ISU,TEX,7,0
400763446_4_3,ISU,TEX,7,0
400763446_4_4,ISU,TEX,7,0
400763446_4_5,ISU,TEX,7,0
400763446_4_6,ISU,TEX,7,0
400763446_4_7,ISU,TEX,7,0
400763446_4_8,ISU,TEX,7,0
400763446_4_9,ISU,TEX,7,0
400763446_4_10,ISU,TEX,7,0
400763446_4_11,ISU,TEX,7,0
400763446_6_0,ISU,TEX,7,0
400763446_6_1,ISU,TEX,7,0
400763446_6_3,ISU,TEX,7,0
400763446_6_4,ISU,TEX,7,0
400763446_8_0,ISU,TEX,7,0
400763446_8_1,ISU,TEX,7,0
400763446_8_2,ISU,TEX,7,0
400763446_8_4,ISU,TEX,7,0
400763446_8_5,ISU,TEX,7,0
400763446_10_0,ISU,TEX,7,0
400763446_10_1,ISU,TEX,7,0
400763446_10_2,ISU,TEX,7,0
400763446_10_3,ISU,TEX,7,0
400763446_10_4,ISU,TEX,7,0
400763446_10_6,ISU,TEX,7,0
400763446_10_7,ISU,TEX,7,0
400763446_10_8,ISU,TEX,7,0
400763446_10_9,ISU,TEX,7,0
400763446_10_10,ISU,TEX,7,0
400763446_10_11,ISU,TEX,7,0
400763446_10_12,ISU,TEX,7,0
400763446_10_13,ISU,TEX,7,0
400763446_10_15,ISU,TEX,7,0
400763446_13_0,ISU,TEX,10,0
400763446_13_1,ISU,TEX,10,0
400763446_13_2,ISU,TEX,10,0
400763446_13_3,ISU,TEX,10,0
400763446_15_1,ISU,TEX,10,0
400763446_15_2,ISU,TEX,10,0
400763446_15_3,ISU,TEX,10,0
400763446_15_4,ISU,TEX,10,0
400763446_15_6,ISU,TEX,10,0
400763446_15_7,ISU,TEX,10,0
400763446_15_8,ISU,TEX,17,0
400763446_17_0,ISU,TEX,17,0
400763446_17_1,ISU,TEX,17,0
400763446_17_2,ISU,TEX,17,0
400763446_17_3,ISU,TEX,17,0
400763446_17_4,ISU,TEX,17,0
400763446_17_5,ISU,TEX,17,0
400763446_17_6,ISU,TEX,17,0
400763446_17_8,ISU,TEX,17,0
400763446_17_9,ISU,TEX,17,0
400763446_19_0,ISU,TEX,17,0
400763446_19_2,ISU,TEX,17,0
400763446_19_3,ISU,TEX,17,0
400763446_19_4,ISU,TEX,17,0
400763446_19_5,ISU,TEX,17,0
400763446_19_6,ISU,TEX,17,0
400763446_21_1,ISU,TEX,17,0
400763446_21_2,ISU,TEX,17,0
400763446_21_3,ISU,TEX,17,0
400763446_21_4,ISU,TEX,17,0
400763446_21_5,ISU,TEX,17,0
400763446_21_6,ISU,TEX,17,0
400763446_21_7,ISU,TEX,17,0
400763446_21_8,ISU,TEX,17,0
400763446_21_9,ISU,TEX,17,0
400763446_21_11,ISU,TEX,24,0
400868946_0_1,TEX,ND,0,0
400868946_0_2,TEX,ND,0,0
400868946_0_3,TEX,ND,0,0
400868946_0_4,TEX,ND,0,0
400868946_0_5,TEX,ND,0,0
400868946_0_6,TEX,ND,0,7
400868946_2_1,TEX,ND,7,7
400868946_2_2,TEX,ND,7,7
400868946_2_3,TEX,ND,7,7
400868946_4_0,TEX,ND,7,7
400868946_4_1,TEX,ND,7,7
400868946_4_2,TEX,ND,7,7
400868946_4_3,TEX,ND,7,7
400868946_6_0,TEX,ND,7,7
400868946_6_1,TEX,ND,7,7
400868946_6_2,TEX,ND,7,7
400868946_6_3,TEX,ND,7,7
400868946_6_4,TEX,ND,7,7
400868946_6_6,TEX,ND,7,7
400868946_6_7,TEX,ND,7,7
400868946_6_8,TEX,ND,7,7
400868946_6_9,TEX,ND,7,7
400868946_6_10,TEX,ND,7,7
400868946_6_11,TEX,ND,7,7
400868946_8_1,TEX,ND,14,7
400868946_8_2,TEX,ND,14,7
400868946_8_3,TEX,ND,14,7
400868946_8_5,TEX,ND,14,7
400868946_8_6,TEX,ND,14,7
400868946_8_7,TEX,ND,14,7
400868946_8_8,TEX,ND,14,14
400868946_10_1,TEX,ND,21,14
400868946_10_2,TEX,ND,21,14
400868946_10_3,TEX,ND,21,14
400868946_10_5,TEX,ND,21,14
400868946_13_1,TEX,ND,28,14
400868946_13_2,TEX,ND,28,14
400868946_15_1,TEX,ND,31,14
400868946_15_2,TEX,ND,31,14
400868946_15_3,TEX,ND,31,14
400868946_15_4,TEX,ND,31,21
400868946_17_0,TEX,ND,31,21
400868946_17_1,TEX,ND,31,21
400868946_17_2,TEX,ND,31,28
400868946_19_0,TEX,ND,31,28
400868946_19_1,TEX,ND,31,28
400868946_19_2,TEX,ND,31,28
400868946_19_3,TEX,ND,31,28
400868946_19_4,TEX,ND,31,28
400868946_19_5,TEX,ND,31,28
400868946_19_6,TEX,ND,31,28
400868946_19_7,TEX,ND,31,28
400868946_19_9,TEX,ND,31,28
400868946_21_0,TEX,ND,31,28
400868946_21_1,TEX,ND,31,28
400868946_21_2,TEX,ND,31,28
400868946_21_3,TEX,ND,31,28
400868946_21_6,TEX,ND,31,28
400868946_21_7,TEX,ND,31,28
400868946_21_8,TEX,ND,31,35
400868946_23_0,TEX,ND,31,35
400868946_23_1,TEX,ND,31,35
400868946_23_2,TEX,ND,31,35
400868946_23_3,TEX,ND,31,35
400868946_23_4,TEX,ND,31,35
400868946_23_5,TEX,ND,31,35
400868946_25_1,TEX,ND,37,37
400868946_25_3,TEX,ND,37,37
400868946_27_0,TEX,ND,37,37
400868946_29_0,TEX,ND,44,44
400868946_30_0,TEX,ND,44,44
400868946_30_1,TEX,ND,44,44
400868946_30_2,TEX,ND,44,44
400869630_0_1,TTU,TEX,0,0
400869630_0_2,TTU,TEX,0,0
400869630_0_3,TTU,TEX,0,0
400869630_0_4,TTU,TEX,0,0
400869630_0_5,TTU,TEX,0,0
400869630_0_6,TTU,TEX,0,0
400869630_0_7,TTU,TEX,0,0
400869630_0_8,TTU,TEX,0,0
400869630_0_10,TTU,TEX,7,0
400869630_2_1,TTU,TEX,7,7
400869630_2_2,TTU,TEX,7,7
400869630_2_3,TTU,TEX,7,7
400869630_2_4,TTU,TEX,7,7
400869630_2_6,TTU,TEX,7,7
400869630_2_7,TTU,TEX,7,7
400869630_2_8,TTU,TEX,7,7
400869630_2_9,TTU,TEX,7,7
400869630_4_1,TTU,TEX,10,14
400869630_4_2,TTU,TEX,10,14
400869630_4_3,TTU,TEX,10,14
400869630_4_4,TTU,TEX,10,14
400869630_4_5,TTU,TEX,10,14
400869630_4_6,TTU,TEX,10,14
400869630_4_7,TTU,TEX,10,14
400869630_4_8,TTU,TEX,16,14
400869630_6_0,TTU,TEX,16,14
400869630_6_3,TTU,TEX,16,14
400869630_6_5,TTU,TEX,16,14
400869630_6_6,TTU,TEX,16,14
400869630_6_8,TTU,TEX,16,14
400869630_9_0,TTU,TEX,23,14
400869630_9_2,TTU,TEX,23,14
400869630_9_3,TTU,TEX,23,14
400869630_11_1,TTU,TEX,23,21
400869630_11_2,TTU,TEX,23,21
400869630_11_4,TTU,TEX,23,21
400869630_13_1,TTU,TEX,23,24
400869630_15_1,TTU,TEX,23,31
400869630_15_2,TTU,TEX,23,31
400869630_15_3,TTU,TEX,23,31
400869630_15_4,TTU,TEX,23,31
400869630_15_5,TTU,TEX,23,31
400869630_15_6,TTU,TEX,23,31
400869630_15_7,TTU,TEX,23,31
400869630_15_8,TTU,TEX,23,31
400869630_15_9,TTU,TEX,23,31
400869630_15_10,TTU,TEX,23,31
400869630_15_11,TTU,TEX,23,31
400869630_15_13,TTU,TEX,23,31
400869630_15_14,TTU,TEX,30,31
400869630_17_1,TTU,TEX,30,38
400869630_17_2,TTU,TEX,30,38
400869630_17_3,TTU,TEX,30,38
400869630_17_4,TTU,TEX,30,38
400869630_17_5,TTU,TEX,30,38
400869630_19_0,TTU,TEX,30,38
400869630_19_1,TTU,TEX,30,38
400869630_19_2,TTU,TEX,30,38
400869630_19_3,TTU,TEX,30,38
400869630_19_4,TTU,TEX,30,38
400869630_19_5,TTU,TEX,30,38
400869630_19_6,TTU,TEX,30,38
400869630_19_7,TTU,TEX,30,38
400869630_21_1,TTU,TEX,30,45
400869630_21_2,TTU,TEX,30,45
400869630_21_3,TTU,TEX,30,45
400869630_21_4,TTU,TEX,30,45
400869630_21_5,TTU,TEX,30,45
400869630_21_6,TTU,TEX,30,45
400869630_21_7,TTU,TEX,30,45
400869630_23_0,TTU,TEX,30,45
400869630_23_1,TTU,TEX,30,45
400869630_23_2,TTU,TEX,37,45
400869630_25_0,TTU,TEX,37,45
400869630_25_1,TTU,TEX,37,45
400869630_27_0,TTU,TEX,37,45
400869630_27_1,TTU,TEX,37,45
400869630_27_2,TTU,TEX,37,45
400869630_27_3,TTU,TEX,37,45
400869630_27_4,TTU,TEX,37,45
400869630_27_7,TTU,TEX,37,45
400869630_27_8,TTU,TEX,37,45
400869630_27_9,TTU,TEX,37,45
400869630_27_10,TTU,TEX,37,45
400869630_27_11,TTU,TEX,37,45
400869630_29_0,TTU,TEX,37,45
400869630_29_1,TTU,TEX,37,45
400869630_29_2,TTU,TEX,37,45
400869630_29_3,TTU,TEX,37,45
400869630_29_4,TTU,TEX,37,45
400869630_29_5,TTU,TEX,37,45
400869630_29_6,TTU,TEX,37,45
400869630_29_7,TTU,TEX,37,45
400869630_29_8,TTU,TEX,37,45
400869630_29_9,TTU,TEX,37,45
400869631_1_1,TEX,WVU,3,0
400869631_1_2,TEX,WVU,3,0
400869631_1_3,TEX,WVU,3,0
400869631_1_4,TEX,WVU,3,0
400869631_1_5,TEX,WVU,3,0
400869631_1_6,TEX,WVU,3,0
400869631_1_7,TEX,WVU,3,0
400869631_1_8,TEX,WVU,3,0
400869631_1_9,TEX,WVU,3,0
400869631_1_10,TEX,WVU,3,0
400869631_1_11,TEX,WVU,3,0
400869631_3_0,TEX,WVU,3,3
400869631_3_1,TEX,WVU,3,3
400869631_5_0,TEX,WVU,3,3
400869631_5_1,TEX,WVU,3,3
400869631_5_2,TEX,WVU,3,3
400869631_5_3,TEX,WVU,3,3
400869631_5_4,TEX,WVU,3,3
400869631_5_5,TEX,WVU,3,3
400869631_5_6,TEX,WVU,3,3
400869631_5_7,TEX,WVU,3,3
400869631_5_8,TEX,WVU,3,10
400869631_7_0,TEX,WVU,3,10
400869631_7_1,TEX,WVU,3,10
400869631_7_2,TEX,WVU,3,10
400869631_7_4,TEX,WVU,3,10
400869631_7_5,TEX,WVU,3,10
400869631_7_6,TEX,WVU,3,17
400869631_9_0,TEX,WVU,3,17
400869631_9_1,TEX,WVU,3,17
400869631_9_2,TEX,WVU,3,17
400869631_9_3,TEX,WVU,3,17
400869631_9_4,TEX,WVU,3,17
400869631_9_5,TEX,WVU,3,17
400869631_11_1,TEX,WVU,10,17
400869631_11_2,TEX,WVU,10,17
400869631_11_3,TEX,WVU,10,17
400869631_14_1,TEX,WVU,13,17
400869631_14_2,TEX,WVU,13,17
400869631_14_3,TEX,WVU,13,17
400869631_16_0,TEX,WVU,13,17
400869631_16_1,TEX,WVU,13,17
400869631_16_2,TEX,WVU,13,17
400869631_16_3,TEX,WVU,13,17
400869631_16_4,TEX,WVU,13,17
400869631_16_5,TEX,WVU,13,17
400869631_16_6,TEX,WVU,13,17
400869631_16_7,TEX,WVU,13,17
400869631_16_8,TEX,WVU,13,17
400869631_16_10,TEX,WVU,13,17
400869631_16_11,TEX,WVU,13,17
400869631_16_12,TEX,WVU,13,17
400869631_16_13,TEX,WVU,13,17
400869631_16_14,TEX,WVU,13,24
400869631_18_0,TEX,WVU,13,24
400869631_18_1,TEX,WVU,13,24
400869631_18_2,TEX,WVU,13,24
400869631_20_1,TEX,WVU,20,24
400869631_20_2,TEX,WVU,20,24
400869631_20_3,TEX,WVU,20,24
400869631_22_0,TEX,WVU,20,24
400869631_22_1,TEX,WVU,20,24
400869631_22_2,TEX,WVU,20,24
400869631_22_3,TEX,WVU,20,24
400869631_22_5,TEX,WVU,20,24
400869631_24_0,TEX,WVU,20,24
400869631_24_1,TEX,WVU,20,24
400869631_24_2,TEX,WVU,20,24
400869631_26_0,TEX,WVU,20,24
400869631_26_1,TEX,WVU,20,24
400869631_26_3,TEX,WVU,20,24
400869603_1_1,KU,TEX,0,7
400869603_1_3,KU,TEX,0,7
400869603_1_4,KU,TEX,0,7
400869603_3_0,KU,TEX,0,7
400869603_3_1,KU,TEX,0,7
400869603_3_2,KU,TEX,0,7
400869603_3_3,KU,TEX,0,7
400869603_3_5,KU,TEX,0,7
400869603_5_0,KU,TEX,0,7
400869603_5_1,KU,TEX,0,7
400869603_5_3,KU,TEX,0,7
400869603_5_4,KU,TEX,0,7
400869603_5_5,KU,TEX,0,7
400869603_7_0,KU,TEX,0,7
400869603_7_1,KU,TEX,0,7
400869603_7_2,KU,TEX,0,7
400869603_9_0,KU,TEX,0,7
400869603_9_1,KU,TEX,0,7
400869603_9_3,KU,TEX,0,7
400869603_9_4,KU,TEX,0,7
400869603_9_5,KU,TEX,0,7
400869603_9_6,KU,TEX,0,7
400869603_11_0,KU,TEX,0,7
400869603_11_1,KU,TEX,0,7
400869603_11_2,KU,TEX,0,7
400869603_11_3,KU,TEX,0,7
400869603_13_1,KU,TEX,0,7
400869603_13_2,KU,TEX,0,7
400869603_13_3,KU,TEX,0,7
400869603_13_4,KU,TEX,0,7
400869603_15_1,KU,TEX,0,7
400869603_15_2,KU,TEX,0,7
400869603_15_3,KU,TEX,0,7
400869603_18_0,KU,TEX,7,7
400869603_18_1,KU,TEX,7,7
400869603_18_2,KU,TEX,7,7
400869603_20_0,KU,TEX,10,7
400869603_20_1,KU,TEX,10,7
400869603_21_1,KU,TEX,10,7
400869603_21_2,KU,TEX,10,7
400869603_23_1,KU,TEX,10,14
400869603_23_2,KU,TEX,10,14
400869603_23_4,KU,TEX,10,14
400869603_23_5,KU,TEX,10,14
400869603_23_6,KU,TEX,10,14
400869603_25_0,KU,TEX,10,14
400869603_25_1,KU,TEX,10,14
400869603_25_2,KU,TEX,10,14
400869603_27_0,KU,TEX,10,14
400869603_29_1,KU,TEX,10,21
400869603_29_2,KU,TEX,10,21
400869603_29_4,KU,TEX,10,21
400869603_31_0,KU,TEX,10,21
400869603_31_1,KU,TEX,10,21
400869603_31_2,KU,TEX,10,21
400869603_31_3,KU,TEX,10,21
400869603_31_4,KU,TEX,10,21
400869603_31_5,KU,TEX,10,21
400869603_31_6,KU,TEX,10,21
400869603_31_7,KU,TEX,10,21
400869603_31_8,KU,TEX,10,21
400869603_31_9,KU,TEX,10,21
400869603_31_10,KU,TEX,18,21
400869603_33_0,KU,TEX,18,21
400869603_33_1,KU,TEX,18,21
400869603_33_2,KU,TEX,18,21
400869603_33_4,KU,TEX,18,21
400869603_33_6,KU,TEX,18,21
400869603_35_0,KU,TEX,18,21
400869603_35_1,KU,TEX,18,21
400869603_35_2,KU,TEX,18,21
400869603_35_3,KU,TEX,18,21
400869603_35_4,KU,TEX,18,21
400869603_38_0,KU,TEX,21,21
400869603_38_1,KU,TEX,21,21
400869603_38_2,KU,TEX,21,21
400869603_38_3,KU,TEX,21,21
400869603_38_4,KU,TEX,21,21
400869632_1_0,TEX,TCU,0,0
400869632_1_1,TEX,TCU,0,0
400869632_1_2,TEX,TCU,0,0
400869632_1_3,TEX,TCU,0,0
400869632_1_4,TEX,TCU,0,0
400869632_1_5,TEX,TCU,0,0
400869632_1_7,TEX,TCU,0,0
400869632_1_8,TEX,TCU,0,7
400869632_3_1,TEX,TCU,3,7
400869632_3_2,TEX,TCU,3,7
400869632_3_3,TEX,TCU,3,7
400869632_5_0,TEX,TCU,3,7
400869632_5_2,TEX,TCU,3,7
400869632_5_4,TEX,TCU,3,7
400869632_7_0,TEX,TCU,3,7
400869632_7_2,TEX,TCU,3,7
400869632_7_3,TEX,TCU,3,7
400869632_9_0,TEX,TCU,3,7
400869632_9_1,TEX,TCU,3,7
400869632_11_0,TEX,TCU,3,7
400869632_11_1,TEX,TCU,3,7
400869632_11_2,TEX,TCU,3,7
400869632_13_1,TEX,TCU,6,7
400869632_13_2,TEX,TCU,6,7
400869632_13_4,TEX,TCU,6,7
400869632_15_0,TEX,TCU,6,7
400869632_15_1,TEX,TCU,6,7
400869632_16_1,TEX,TCU,6,7
400869632_16_2,TEX,TCU,6,7
400869632_16_3,TEX,TCU,6,7
400869632_16_4,TEX,TCU,6,7
400869632_16_5,TEX,TCU,6,7
400869632_16_6,TEX,TCU,6,7
400869632_16_7,TEX,TCU,6,7
400869632_16_8,TEX,TCU,6,7
400869632_16_9,TEX,TCU,6,7
400869632_16_10,TEX,TCU,6,7
400869632_16_11,TEX,TCU,6,7
400869632_16_12,TEX,TCU,6,7
400869632_18_1,TEX,TCU,9,10
400869632_18_2,TEX,TCU,9,10
400869632_18_3,TEX,TCU,9,10
400869632_18_4,TEX,TCU,9,10
400869632_18_6,TEX,TCU,9,10
400869632_18_7,TEX,TCU,9,17
400869632_20_0,TEX,TCU,9,17
400869632_20_1,TEX,TCU,9,17
400869632_20_2,TEX,TCU,9,17
400869632_20_5,TEX,TCU,9,17
400869632_20_6,TEX,TCU,9,17
400869632_20_7,TEX,TCU,9,17
400869632_22_0,TEX,TCU,9,17
400869632_22_1,TEX,TCU,9,17
400869632_22_3,TEX,TCU,9,17
400869632_22_4,TEX,TCU,9,17
400869632_22_6,TEX,TCU,9,17
400869632_24_0,TEX,TCU,9,17
400869632_24_1,TEX,TCU,9,17
400869632_24_2,TEX,TCU,9,17
400869632_24_3,TEX,TCU,9,17
400869632_24_4,TEX,TCU,9,17
400869632_24_5,TEX,TCU,9,17
400869632_24_6,TEX,TCU,9,17
400869632_24_7,TEX,TCU,9,24
400869632_26_0,TEX,TCU,9,24
400869632_26_1,TEX,TCU,9,24
400869632_26_2,TEX,TCU,9,31
400869632_28_0,TEX,TCU,9,31
400869632_28_1,TEX,TCU,9,31
400869632_28_3,TEX,TCU,9,31
400869632_30_0,TEX,TCU,9,31
400869632_30_1,TEX,TCU,9,31
400869632_30_2,TEX,TCU,9,31
400869357_0_1,TEX,UTEP,0,0
400869357_0_2,TEX,UTEP,0,0
400869357_0_3,TEX,UTEP,0,0
400869357_2_0,TEX,UTEP,0,0
400869357_2_1,TEX,UTEP,0,0
400869357_2_2,TEX,UTEP,0,0
400869357_4_1,TEX,UTEP,7,0
400869357_4_3,TEX,UTEP,7,0
400869357_6_1,TEX,UTEP,7,0
400869357_6_2,TEX,UTEP,7,0
400869357_6_3,TEX,UTEP,7,0
400869357_6_4,TEX,UTEP,7,0
400869357_6_5,TEX,UTEP,7,0
400869357_8_1,TEX,UTEP,10,0
400869357_8_4,TEX,UTEP,10,0
400869357_8_5,TEX,UTEP,10,0
400869357_8_6,TEX,UTEP,10,0
400869357_8_7,TEX,UTEP,10,0
400869357_8_8,TEX,UTEP,10,0
400869357_10_0,TEX,UTEP,10,0
400869357_10_1,TEX,UTEP,10,0
400869357_10_2,TEX,UTEP,10,7
400869357_12_1,TEX,UTEP,13,7
400869357_12_4,TEX,UTEP,13,7
400869357_14_1,TEX,UTEP,20,7
400869357_14_2,TEX,UTEP,20,7
400869357_14_3,TEX,UTEP,20,7
400869357_14_4,TEX,UTEP,20,7
400869357_16_0,TEX,UTEP,20,7
400869357_16_1,TEX,UTEP,20,7
400869357_16_2,TEX,UTEP,20,7
400869357_18_1,TEX,UTEP,27,7
400869357_18_3,TEX,UTEP,27,7
400869357_20_1,TEX,UTEP,34,7
400869357_20_2,TEX,UTEP,34,7
400869357_20_3,TEX,UTEP,34,7
400869357_20_4,TEX,UTEP,34,7
400869357_22_0,TEX,UTEP,34,7
400869357_22_1,TEX,UTEP,34,7
400869357_22_2,TEX,UTEP,34,7
400869357_22_5,TEX,UTEP,34,7
400869357_22_6,TEX,UTEP,34,7
400869357_22_7,TEX,UTEP,34,7
400869357_22_8,TEX,UTEP,34,7
400869357_22_9,TEX,UTEP,34,7
400869357_24_1,TEX,UTEP,41,7
400869357_24_3,TEX,UTEP,41,7
400869357_24_4,TEX,UTEP,41,7
400869357_24_5,TEX,UTEP,41,7
400869357_24_6,TEX,UTEP,41,7
400869357_24_8,TEX,UTEP,41,7
400869357_24_9,TEX,UTEP,41,7
400869357_26_0,TEX,UTEP,41,7
400869357_26_1,TEX,UTEP,41,7
400869357_26_3,TEX,UTEP,41,7
400869117_0_1,CAL,TEX,0,0
400869117_0_2,CAL,TEX,0,0
400869117_0_3,CAL,TEX,0,0
400869117_0_4,CAL,TEX,0,0
400869117_0_5,CAL,TEX,0,0
400869117_0_6,CAL,TEX,7,0
400869117_2_1,CAL,TEX,7,7
400869117_2_2,CAL,TEX,7,7
400869117_2_3,CAL,TEX,7,7
400869117_2_5,CAL,TEX,7,7
400869117_4_1,CAL,TEX,7,10
400869117_4_2,CAL,TEX,7,10
400869117_4_4,CAL,TEX,7,10
400869117_6_1,CAL,TEX,7,17
400869117_6_2,CAL,TEX,7,17
400869117_6_3,CAL,TEX,7,17
400869117_6_4,CAL,TEX,7,17
400869117_6_5,CAL,TEX,7,17
400869117_6_7,CAL,TEX,7,17
400869117_6_8,CAL,TEX,7,17
400869117_6_9,CAL,TEX,7,17
400869117_6_10,CAL,TEX,7,17
400869117_6_11,CAL,TEX,14,17
400869117_8_1,CAL,TEX,14,24
400869117_8_2,CAL,TEX,14,24
400869117_8_3,CAL,TEX,14,24
400869117_10_0,CAL,TEX,14,24
400869117_10_1,CAL,TEX,14,24
400869117_10_2,CAL,TEX,14,24
400869117_10_3,CAL,TEX,14,24
400869117_10_4,CAL,TEX,21,24
400869117_12_1,CAL,TEX,21,31
400869117_12_2,CAL,TEX,21,31
400869117_12_3,CAL,TEX,21,31
400869117_12_4,CAL,TEX,21,31
400869117_12_5,CAL,TEX,21,31
400869117_12_6,CAL,TEX,21,31
400869117_12_7,CAL,TEX,21,31
400869117_12_8,CAL,TEX,28,31
400869117_14_0,CAL,TEX,28,31
400869117_14_1,CAL,TEX,28,31
400869117_16_0,CAL,TEX,28,33
400869117_16_1,CAL,TEX,35,33
400869117_19_0,CAL,TEX,35,33
400869117_19_1,CAL,TEX,35,33
400869117_19_2,CAL,TEX,35,33
400869117_19_3,CAL,TEX,35,33
400869117_19_4,CAL,TEX,35,33
400869117_21_0,CAL,TEX,35,33
400869117_21_1,CAL,TEX,35,33
400869117_21_2,CAL,TEX,35,33
400869117_21_3,CAL,TEX,35,33
400869117_21_4,CAL,TEX,35,33
400869117_23_0,CAL,TEX,35,33
400869117_23_1,CAL,TEX,35,33
400869117_23_3,CAL,TEX,35,33
400869117_25_1,CAL,TEX,35,40
400869117_25_2,CAL,TEX,35,40
400869117_25_3,CAL,TEX,35,40
400869117_25_4,CAL,TEX,35,40
400869117_25_6,CAL,TEX,35,40
400869117_25_7,CAL,TEX,35,40
400869117_25_8,CAL,TEX,35,40
400869117_25_9,CAL,TEX,35,40
400869117_25_10,CAL,TEX,43,40
400869117_27_1,CAL,TEX,43,43
400869117_27_2,CAL,TEX,43,43
400869117_27_3,CAL,TEX,43,43
400869117_27_4,CAL,TEX,43,43
400869117_27_5,CAL,TEX,43,43
400869117_27_6,CAL,TEX,43,43
400869117_27_7,CAL,TEX,50,43
400869117_29_0,CAL,TEX,50,43
400869117_29_2,CAL,TEX,50,43
400869117_29_5,CAL,TEX,50,43
400869117_29_6,CAL,TEX,50,43
400869620_0_1,OKST,TEX,0,0
400869620_0_2,OKST,TEX,0,0
400869620_0_3,OKST,TEX,0,0
400869620_0_4,OKST,TEX,0,0
400869620_0_5,OKST,TEX,0,0
400869620_0_6,OKST,TEX,0,0
400869620_0_7,OKST,TEX,0,0
400869620_0_8,OKST,TEX,0,0
400869620_0_9,OKST,TEX,7,0
400869620_2_1,OKST,TEX,7,0
400869620_2_2,OKST,TEX,7,0
400869620_2_3,OKST,TEX,7,0
400869620_2_4,OKST,TEX,7,0
400869620_2_5,OKST,TEX,7,0
400869620_2_6,OKST,TEX,14,0
400869620_4_1,OKST,TEX,14,7
400869620_4_2,OKST,TEX,14,7
400869620_4_3,OKST,TEX,14,7
400869620_6_2,OKST,TEX,16,13
400869620_8_1,OKST,TEX,16,19
400869620_8_2,OKST,TEX,16,19
400869620_8_3,OKST,TEX,16,19
400869620_8_4,OKST,TEX,16,19
400869620_8_5,OKST,TEX,23,19
400869620_10_1,OKST,TEX,23,25
400869620_10_2,OKST,TEX,23,25
400869620_10_3,OKST,TEX,23,25
400869620_10_4,OKST,TEX,30,25
400869620_12_0,OKST,TEX,30,25
400869620_12_1,OKST,TEX,30,25
400869620_12_2,OKST,TEX,30,25
400869620_14_2,OKST,TEX,30,25
400869620_14_3,OKST,TEX,30,25
400869620_14_4,OKST,TEX,30,25
400869620_14_5,OKST,TEX,30,25
400869620_14_6,OKST,TEX,30,25
400869620_14_7,OKST,TEX,37,25
400869620_17_0,OKST,TEX,37,25
400869620_17_1,OKST,TEX,37,25
400869620_17_2,OKST,TEX,37,25
400869620_17_3,OKST,TEX,37,25
400869620_17_4,OKST,TEX,37,25
400869620_17_5,OKST,TEX,37,25
400869620_17_6,OKST,TEX,37,25
400869620_19_0,OKST,TEX,37,25
400869620_19_1,OKST,TEX,43,25
400869620_21_0,OKST,TEX,43,31
400869620_21_2,OKST,TEX,43,31
400869620_21_3,OKST,TEX,43,31
400869620_23_0,OKST,TEX,43,31
400869620_23_2,OKST,TEX,43,31
400869620_23_3,OKST,TEX,43,31
400869620_23_4,OKST,TEX,43,31
400869620_23_5,OKST,TEX,43,31
400869620_23_6,OKST,TEX,43,31
400869620_23_7,OKST,TEX,43,31
400869620_23_8,OKST,TEX,43,31
400869620_25_0,OKST,TEX,46,31
400869620_25_1,OKST,TEX,46,31
400869620_25_2,OKST,TEX,46,31
400869620_25_4,OKST,TEX,46,31
400869620_25_5,OKST,TEX,46,31
400869620_25_6,OKST,TEX,46,31
400869620_25_7,OKST,TEX,46,31
400869620_27_0,OKST,TEX,49,31
400869620_27_1,OKST,TEX,49,31
400869620_27_2,OKST,TEX,49,31
400869615_0_1,OKLA,TEX,0,0
400869615_0_2,OKLA,TEX,0,0
400869615_0_3,OKLA,TEX,0,0
400869615_0_4,OKLA,TEX,0,0
400869615_0_5,OKLA,TEX,0,0
400869615_0_6,OKLA,TEX,0,0
400869615_0_7,OKLA,TEX,0,0
400869615_0_8,OKLA,TEX,0,0
400869615_0_9,OKLA,TEX,0,0
400869615_2_0,OKLA,TEX,0,0
400869615_2_1,OKLA,TEX,0,0
400869615_2_2,OKLA,TEX,0,0
400869615_2_3,OKLA,TEX,0,0
400869615_2_4,OKLA,TEX,0,0
400869615_4_0,OKLA,TEX,0,0
400869615_4_1,OKLA,TEX,0,0
400869615_4_2,OKLA,TEX,0,0
400869615_4_3,OKLA,TEX,0,0
400869615_4_4,OKLA,TEX,0,0
400869615_6_1,OKLA,TEX,0,3
400869615_6_2,OKLA,TEX,0,3
400869615_6_3,OKLA,TEX,0,3
400869615_6_4,OKLA,TEX,0,3
400869615_6_5,OKLA,TEX,0,3
400869615_8_0,OKLA,TEX,0,3
400869615_8_1,OKLA,TEX,0,3
400869615_8_2,OKLA,TEX,7,3
400869615_10_2,OKLA,TEX,7,10
400869615_10_3,OKLA,TEX,7,10
400869615_10_4,OKLA,TEX,7,10
400869615_10_5,OKLA,TEX,7,10
400869615_10_6,OKLA,TEX,7,10
400869615_10_7,OKLA,TEX,7,10
400869615_10_8,OKLA,TEX,7,10
400869615_12_0,OKLA,TEX,7,10
400869615_12_1,OKLA,TEX,7,10
400869615_12_2,OKLA,TEX,7,10
400869615_14_0,OKLA,TEX,7,10
400869615_14_1,OKLA,TEX,7,10
400869615_14_2,OKLA,TEX,7,10
400869615_14_3,OKLA,TEX,14,10
400869615_17_1,OKLA,TEX,14,20
400869615_17_2,OKLA,TEX,14,20
400869615_17_3,OKLA,TEX,21,20
400869615_19_1,OKLA,TEX,21,27
400869615_19_3,OKLA,TEX,21,27
400869615_19_4,OKLA,TEX,21,27
400869615_19_5,OKLA,TEX,21,27
400869615_19_6,OKLA,TEX,21,27
400869615_19_7,OKLA,TEX,21,27
400869615_19_8,OKLA,TEX,28,27
400869615_21_0,OKLA,TEX,28,27
400869615_21_1,OKLA,TEX,28,27
400869615_21_2,OKLA,TEX,28,27
400869615_21_3,OKLA,TEX,35,27
400869615_24_0,OKLA,TEX,35,27
400869615_24_1,OKLA,TEX,35,27
400869615_24_2,OKLA,TEX,35,27
400869615_24_3,OKLA,TEX,35,27
400869615_24_4,OKLA,TEX,35,27
400869615_24_5,OKLA,TEX,35,27
400869615_24_7,OKLA,TEX,35,27
400869615_24_8,OKLA,TEX,35,27
400869615_24_9,OKLA,TEX,35,27
400869615_24_10,OKLA,TEX,35,27
400869615_24_11,OKLA,TEX,35,27
400869615_24_12,OKLA,TEX,35,27
400869615_24_13,OKLA,TEX,42,27
400869615_26_1,OKLA,TEX,42,34
400869615_26_2,OKLA,TEX,42,34
400869615_26_3,OKLA,TEX,42,34
400869615_26_4,OKLA,TEX,42,34
400869615_26_5,OKLA,TEX,42,34
400869615_26_6,OKLA,TEX,42,34
400869615_26_7,OKLA,TEX,42,34
400869615_26_8,OKLA,TEX,42,34
400869615_26_9,OKLA,TEX,42,34
400869615_26_10,OKLA,TEX,42,34
400869615_26_11,OKLA,TEX,42,34
400869615_26_12,OKLA,TEX,42,34
400869615_26_13,OKLA,TEX,42,34
400869615_28_1,OKLA,TEX,45,40
400869615_28_2,OKLA,TEX,45,40
400869591_0_1,TEX,ISU,0,0
400869591_0_2,TEX,ISU,0,0
400869591_0_3,TEX,ISU,0,0
400869591_0_4,TEX,ISU,0,0
400869591_0_5,TEX,ISU,0,0
400869591_0_6,TEX,ISU,0,0
400869591_2_0,TEX,ISU,0,0
400869591_2_1,TEX,ISU,0,0
400869591_2_2,TEX,ISU,0,0
400869591_2_3,TEX,ISU,0,0
400869591_2_4,TEX,ISU,0,0
400869591_2_5,TEX,ISU,0,0
400869591_2_6,TEX,ISU,0,0
400869591_2_7,TEX,ISU,0,0
400869591_2_8,TEX,ISU,0,0
400869591_2_9,TEX,ISU,0,0
400869591_4_0,TEX,ISU,0,3
400869591_4_1,TEX,ISU,0,3
400869591_4_2,TEX,ISU,0,3
400869591_4_3,TEX,ISU,0,3
400869591_4_5,TEX,ISU,0,3
400869591_6_0,TEX,ISU,0,6
400869591_6_1,TEX,ISU,0,6
400869591_6_2,TEX,ISU,0,6
400869591_6_3,TEX,ISU,0,6
400869591_8_0,TEX,ISU,0,6
400869591_8_1,TEX,ISU,0,6
400869591_8_2,TEX,ISU,0,6
400869591_8_4,TEX,ISU,0,6
400869591_10_0,TEX,ISU,0,6
400869591_10_1,TEX,ISU,0,6
400869591_10_2,TEX,ISU,0,6
400869591_10_3,TEX,ISU,0,6
400869591_10_4,TEX,ISU,0,6
400869591_12_1,TEX,ISU,3,6
400869591_14_1,TEX,ISU,10,6
400869591_14_2,TEX,ISU,10,6
400869591_14_5,TEX,ISU,10,6
400869591_14_6,TEX,ISU,10,6
400869591_14_7,TEX,ISU,10,6
400869591_14_8,TEX,ISU,10,6
400869591_14_9,TEX,ISU,10,6
400869591_14_11,TEX,ISU,10,6
400869591_16_1,TEX,ISU,17,6
400869591_16_2,TEX,ISU,17,6
400869591_16_3,TEX,ISU,17,6
400869591_18_1,TEX,ISU,24,6
400869591_18_2,TEX,ISU,24,6
400869591_18_4,TEX,ISU,24,6
400869591_20_0,TEX,ISU,24,6
400869591_20_1,TEX,ISU,24,6
400869591_20_2,TEX,ISU,24,6
400869591_20_3,TEX,ISU,24,6
400869591_22_1,TEX,ISU,27,6
400869591_22_2,TEX,ISU,27,6
400869591_22_4,TEX,ISU,27,6
400869591_22_5,TEX,ISU,27,6
400869591_22_6,TEX,ISU,27,6
400869591_22_7,TEX,ISU,27,6
400869591_22_8,TEX,ISU,27,6
400869591_22_10,TEX,ISU,27,6
400869591_22_11,TEX,ISU,27,6
400869591_22_12,TEX,ISU,27,6
400869591_22_13,TEX,ISU,27,6
400869591_22_14,TEX,ISU,27,6
400869591_22_15,TEX,ISU,27,6
400869591_22_16,TEX,ISU,27,6
400869591_22_17,TEX,ISU,27,6
400869591_22_19,TEX,ISU,27,6
400869609_0_2,KSU,TEX,0,0
400869609_0_4,KSU,TEX,0,0
400869609_0_5,KSU,TEX,0,0
400869609_0_7,KSU,TEX,0,0
400869609_0_8,KSU,TEX,0,0
400869609_0_9,KSU,TEX,0,0
400869609_0_11,KSU,TEX,0,0
400869609_0_13,KSU,TEX,0,0
400869609_0_14,KSU,TEX,7,0
400869609_2_0,KSU,TEX,7,0
400869609_2_1,KSU,TEX,7,0
400869609_2_2,KSU,TEX,7,0
400869609_2_3,KSU,TEX,7,0
400869609_2_4,KSU,TEX,7,0
400869609_2_5,KSU,TEX,7,0
400869609_2_6,KSU,TEX,7,0
400869609_2_7,KSU,TEX,7,0
400869609_2_8,KSU,TEX,7,0
400869609_2_9,KSU,TEX,7,0
400869609_2_10,KSU,TEX,7,0
400869609_2_11,KSU,TEX,7,0
400869609_2_13,KSU,TEX,7,0
400869609_2_14,KSU,TEX,7,0
400869609_2_15,KSU,TEX,7,0
400869609_2_16,KSU,TEX,14,0
400869609_4_0,KSU,TEX,14,0
400869609_4_1,KSU,TEX,14,0
400869609_6_1,KSU,TEX,14,0
400869609_6_2,KSU,TEX,14,0
400869609_6_3,KSU,TEX,14,0
400869609_6_4,KSU,TEX,14,0
400869609_6_5,KSU,TEX,14,0
400869609_6_6,KSU,TEX,14,0
400869609_6_7,KSU,TEX,14,0
400869609_6_8,KSU,TEX,14,0
400869609_6_9,KSU,TEX,14,0
400869609_8_1,KSU,TEX,14,7
400869609_8_2,KSU,TEX,14,7
400869609_8_3,KSU,TEX,14,7
400869609_8_4,KSU,TEX,14,7
400869609_8_6,KSU,TEX,14,7
400869609_8_7,KSU,TEX,14,7
400869609_8_11,KSU,TEX,14,7
400869609_8_12,KSU,TEX,21,7
400869609_11_0,KSU,TEX,21,7
400869609_11_1,KSU,TEX,21,7
400869609_11_2,KSU,TEX,21,7
400869609_11_3,KSU,TEX,21,7
400869609_11_4,KSU,TEX,21,7
400869609_11_5,KSU,TEX,21,7
400869609_13_0,KSU,TEX,21,7
400869609_13_2,KSU,TEX,21,7
400869609_13_3,KSU,TEX,21,7
400869609_13_4,KSU,TEX,21,7
400869609_13_5,KSU,TEX,21,7
400869609_13_6,KSU,TEX,21,7
400869609_15_1,KSU,TEX,24,14
400869609_15_3,KSU,TEX,24,14
400869609_15_4,KSU,TEX,24,14
400869609_15_5,KSU,TEX,24,14
400869609_15_6,KSU,TEX,24,14
400869609_15_7,KSU,TEX,24,14
400869609_15_9,KSU,TEX,24,14
400869609_15_10,KSU,TEX,24,14
400869609_15_11,KSU,TEX,24,14
400869609_15_12,KSU,TEX,24,14
400869609_15_13,KSU,TEX,24,14
400869609_17_0,KSU,TEX,24,14
400869609_17_1,KSU,TEX,24,14
400869609_17_2,KSU,TEX,24,14
400869609_19_0,KSU,TEX,24,14
400869609_19_1,KSU,TEX,24,14
400869609_19_3,KSU,TEX,24,14
400869609_21_1,KSU,TEX,24,21
400869609_21_2,KSU,TEX,24,21
400868881_0_1,TEX,BAY,0,0
400868881_0_2,TEX,BAY,0,0
400868881_0_3,TEX,BAY,0,0
400868881_0_4,TEX,BAY,0,0
400868881_0_5,TEX,BAY,0,0
400868881_0_6,TEX,BAY,0,7
400868881_2_1,TEX,BAY,7,7
400868881_4_1,TEX,BAY,14,7
400868881_4_2,TEX,BAY,14,7
400868881_4_3,TEX,BAY,14,7
400868881_4_4,TEX,BAY,14,7
400868881_4_5,TEX,BAY,14,14
400868881_6_0,TEX,BAY,14,14
400868881_6_1,TEX,BAY,14,14
400868881_6_2,TEX,BAY,14,14
400868881_8_0,TEX,BAY,14,14
400868881_8_2,TEX,BAY,14,14
400868881_8_3,TEX,BAY,14,14
400868881_10_1,TEX,BAY,14,14
400868881_10_3,TEX,BAY,14,14
400868881_10_4,TEX,BAY,14,14
400868881_12_0,TEX,BAY,14,14
400868881_12_1,TEX,BAY,14,14
400868881_12_2,TEX,BAY,14,14
400868881_12_3,TEX,BAY,14,14
400868881_12_4,TEX,BAY,14,14
400868881_12_5,TEX,BAY,14,14
400868881_12_7,TEX,BAY,14,14
400868881_12_9,TEX,BAY,14,14
400868881_12_10,TEX,BAY,14,14
400868881_16_1,TEX,BAY,23,14
400868881_16_3,TEX,BAY,23,14
400868881_16_4,TEX,BAY,23,14
400868881_18_1,TEX,BAY,23,14
400868881_18_3,TEX,BAY,23,14
400868881_18_4,TEX,BAY,23,14
400868881_18_5,TEX,BAY,23,14
400868881_18_8,TEX,BAY,23,14
400868881_18_9,TEX,BAY,23,14
400868881_18_10,TEX,BAY,23,14
400868881_18_11,TEX,BAY,23,14
400868881_18_12,TEX,BAY,23,14
400868881_18_14,TEX,BAY,23,14
400868881_18_15,TEX,BAY,23,14
400868881_18_17,TEX,BAY,23,21
400868881_21_1,TEX,BAY,26,21
400868881_21_2,TEX,BAY,26,21
400868881_21_3,TEX,BAY,26,21
400868881_21_4,TEX,BAY,26,21
400868881_21_5,TEX,BAY,26,21
400868881_21_6,TEX,BAY,26,21
400868881_21_7,TEX,BAY,26,21
400868881_21_8,TEX,BAY,26,21
400868881_21_9,TEX,BAY,26,21
400868881_21_10,TEX,BAY,26,28
400868881_23_0,TEX,BAY,26,28
400868881_23_1,TEX,BAY,26,28
400868881_23_2,TEX,BAY,26,28
400868881_23_3,TEX,BAY,26,28
400868881_23_4,TEX,BAY,26,28
400868881_23_5,TEX,BAY,26,28
400868881_23_6,TEX,BAY,26,28
400868881_23_7,TEX,BAY,26,28
400868881_23_8,TEX,BAY,26,28
400868881_23_10,TEX,BAY,26,28
400868881_23_11,TEX,BAY,26,28
400868881_25_0,TEX,BAY,26,31
400868881_25_1,TEX,BAY,26,31
400868881_27_0,TEX,BAY,26,31
400868881_27_2,TEX,BAY,26,31
400868881_27_3,TEX,BAY,26,31
400868881_27_4,TEX,BAY,26,31
400868881_27_5,TEX,BAY,26,31
400868881_27_6,TEX,BAY,26,31
400868881_27_7,TEX,BAY,26,31
400868881_27_9,TEX,BAY,26,31
400868881_27_10,TEX,BAY,26,31
400868881_29_2,TEX,BAY,32,34
400868881_29_3,TEX,BAY,32,34
400868881_29_4,TEX,BAY,32,34
400868881_29_5,TEX,BAY,32,34
400868881_29_6,TEX,BAY,32,34
400868881_29_8,TEX,BAY,32,34
400868881_29_10,TEX,BAY,32,34
400868881_31_1,TEX,BAY,35,34
400868881_31_2,TEX,BAY,35,34
400868881_31_4,TEX,BAY,35,34
400868881_31_5,TEX,BAY,35,34
400953399_1_2,MIZ,TEX,0,7
400953399_1_3,MIZ,TEX,0,7
400953399_1_4,MIZ,TEX,0,7
400953399_3_0,MIZ,TEX,0,7
400953399_3_1,MIZ,TEX,0,7
400953399_3_3,MIZ,TEX,0,7
400953399_5_0,MIZ,TEX,0,7
400953399_5_1,MIZ,TEX,0,7
400953399_5_2,MIZ,TEX,0,7
400953399_7_1,MIZ,TEX,0,14
400953399_7_2,MIZ,TEX,0,14
400953399_7_3,MIZ,TEX,0,14
400953399_9_0,MIZ,TEX,0,14
400953399_9_1,MIZ,TEX,0,14
400953399_9_2,MIZ,TEX,0,14
400953399_9_3,MIZ,TEX,0,14
400953399_9_4,MIZ,TEX,0,14
400953399_11_0,MIZ,TEX,0,14
400953399_11_1,MIZ,TEX,0,14
400953399_11_2,MIZ,TEX,0,14
400953399_11_4,MIZ,TEX,0,14
400953399_11_5,MIZ,TEX,7,14
400953399_13_0,MIZ,TEX,7,14
400953399_13_1,MIZ,TEX,7,14
400953399_13_2,MIZ,TEX,7,14
400953399_13_3,MIZ,TEX,7,14
400953399_14_1,MIZ,TEX,7,21
400953399_14_2,MIZ,TEX,7,21
400953399_14_3,MIZ,TEX,7,21
400953399_16_0,MIZ,TEX,7,21
400953399_16_1,MIZ,TEX,7,21
400953399_16_2,MIZ,TEX,7,21
400953399_18_0,MIZ,TEX,7,21
400953399_18_1,MIZ,TEX,7,21
400953399_18_3,MIZ,TEX,7,21
400953399_19_1,MIZ,TEX,13,21
400953399_21_0,MIZ,TEX,13,21
400953399_21_1,MIZ,TEX,13,21
400953399_21_3,MIZ,TEX,13,21
400953399_23_0,MIZ,TEX,13,21
400953399_23_1,MIZ,TEX,13,21
400953399_23_2,MIZ,TEX,13,21
400953399_23_3,MIZ,TEX,13,21
400953399_23_4,MIZ,TEX,13,21
400953399_23_5,MIZ,TEX,13,21
400953399_23_6,MIZ,TEX,13,21
400953399_23_7,MIZ,TEX,13,21
400953399_23_8,MIZ,TEX,13,21
400953399_23_9,MIZ,TEX,13,21
400953399_23_10,MIZ,TEX,13,21
400953399_23_11,MIZ,TEX,13,21
400953399_23_12,MIZ,TEX,13,21
400953399_23_13,MIZ,TEX,13,21
400953399_23_14,MIZ,TEX,13,21
400953399_25_0,MIZ,TEX,16,21
400953399_27_1,MIZ,TEX,16,26
400953399_27_2,MIZ,TEX,16,26
400953399_27_3,MIZ,TEX,16,26
400953399_27_4,MIZ,TEX,16,26
400953399_29_1,MIZ,TEX,16,26
400953399_31_3,MIZ,TEX,16,33
400953399_31_4,MIZ,TEX,16,33
400953399_31_5,MIZ,TEX,16,33
400953399_31_6,MIZ,TEX,16,33
400934495_0_1,TEX,MD,0,0
400934495_0_2,TEX,MD,0,0
400934495_1_1,TEX,MD,7,0
400934495_1_2,TEX,MD,7,0
400934495_1_3,TEX,MD,7,0
400934495_3_0,TEX,MD,7,0
400934495_3_1,TEX,MD,7,0
400934495_3_2,TEX,MD,7,0
400934495_3_3,TEX,MD,7,0
400934495_3_4,TEX,MD,7,7
400934495_5_0,TEX,MD,7,7
400934495_5_1,TEX,MD,7,7
400934495_5_2,TEX,MD,7,14
400934495_8_0,TEX,MD,7,21
400934495_8_1,TEX,MD,7,21
400934495_8_2,TEX,MD,7,21
400934495_8_3,TEX,MD,7,27
400934495_9_1,TEX,MD,7,27
400934495_9_2,TEX,MD,7,27
400934495_9_3,TEX,MD,7,27
400934495_10_1,TEX,MD,14,27
400934495_10_2,TEX,MD,14,27
400934495_10_3,TEX,MD,14,27
400934495_10_4,TEX,MD,14,27
400934495_10_5,TEX,MD,14,27
400934495_10_6,TEX,MD,14,27
400934495_10_7,TEX,MD,14,27
400934495_12_0,TEX,MD,14,30
400934495_14_1,TEX,MD,14,30
400934495_14_2,TEX,MD,14,30
400934495_14_3,TEX,MD,14,30
400934495_16_1,TEX,MD,20,30
400934495_16_2,TEX,MD,20,30
400934495_16_3,TEX,MD,20,30
400934495_16_4,TEX,MD,20,30
400934495_17_2,TEX,MD,27,30
400934495_17_3,TEX,MD,27,37
400934495_19_1,TEX,MD,34,37
400934495_19_2,TEX,MD,34,37
400934495_19_5,TEX,MD,34,37
400934495_19_6,TEX,MD,34,37
400934495_21_0,TEX,MD,34,37
400934495_21_1,TEX,MD,34,37
400934495_21_2,TEX,MD,34,37
400934495_21_4,TEX,MD,34,37
400934495_21_6,TEX,MD,34,37
400934495_21_7,TEX,MD,34,37
400934495_21_8,TEX,MD,34,44
400934495_23_0,TEX,MD,34,44
400934495_23_3,TEX,MD,34,44
400934495_25_0,TEX,MD,34,44
400934495_25_1,TEX,MD,34,44
400934495_25_3,TEX,MD,34,44
400934495_25_4,TEX,MD,34,51
400934495_27_1,TEX,MD,41,51
400934495_27_2,TEX,MD,41,51
400934545_0_1,TCU,TEX,0,0
400934545_0_2,TCU,TEX,0,0
400934545_0_3,TCU,TEX,0,0
400934545_0_4,TCU,TEX,0,0
400934545_0_6,TCU,TEX,0,0
400934545_0_7,TCU,TEX,0,0
400934545_0_8,TCU,TEX,0,0
400934545_0_9,TCU,TEX,0,0
400934545_0_10,TCU,TEX,7,0
400934545_2_0,TCU,TEX,7,0
400934545_2_1,TCU,TEX,7,0
400934545_2_2,TCU,TEX,7,0
400934545_4_0,TCU,TEX,7,0
400934545_4_1,TCU,TEX,7,0
400934545_4_2,TCU,TEX,7,0
400934545_4_3,TCU,TEX,7,0
400934545_4_4,TCU,TEX,7,0
400934545_4_5,TCU,TEX,7,0
400934545_4_6,TCU,TEX,7,0
400934545_4_7,TCU,TEX,7,0
400934545_4_8,TCU,TEX,7,0
400934545_4_9,TCU,TEX,7,0
400934545_4_10,TCU,TEX,7,0
400934545_4_11,TCU,TEX,7,0
400934545_4_12,TCU,TEX,7,0
400934545_4_13,TCU,TEX,7,0
400934545_4_15,TCU,TEX,7,0
400934545_6_0,TCU,TEX,10,0
400934545_6_1,TCU,TEX,10,0
400934545_6_2,TCU,TEX,10,0
400934545_6_3,TCU,TEX,10,0
400934545_6_4,TCU,TEX,17,0
400934545_8_1,TCU,TEX,17,7
400934545_8_2,TCU,TEX,17,7
400934545_8_3,TCU,TEX,17,7
400934545_10_0,TCU,TEX,17,7
400934545_10_1,TCU,TEX,17,7
400934545_10_3,TCU,TEX,17,7
400934545_12_0,TCU,TEX,17,7
400934545_14_0,TCU,TEX,17,7
400934545_14_1,TCU,TEX,17,7
400934545_14_2,TCU,TEX,17,7
400934545_16_0,TCU,TEX,17,7
400934545_16_1,TCU,TEX,17,7
400934545_16_2,TCU,TEX,17,7
400934545_16_4,TCU,TEX,17,7
400934545_16_5,TCU,TEX,17,7
400934545_16_7,TCU,TEX,17,7
400934545_18_0,TCU,TEX,17,7
400934545_18_1,TCU,TEX,17,7
400934545_18_2,TCU,TEX,17,7
400934545_20_0,TCU,TEX,17,7
400934545_20_2,TCU,TEX,17,7
400934545_22_0,TCU,TEX,17,7
400934545_22_1,TCU,TEX,17,7
400934545_22_2,TCU,TEX,17,7
400934545_24_0,TCU,TEX,17,7
400934545_24_1,TCU,TEX,17,7
400934545_24_2,TCU,TEX,17,7
400934545_24_3,TCU,TEX,17,7
400934545_24_4,TCU,TEX,17,7
400934545_24_5,TCU,TEX,17,7
400934545_24_6,TCU,TEX,17,7
400934545_24_7,TCU,TEX,17,7
400934545_24_8,TCU,TEX,17,7
400934545_24_10,TCU,TEX,24,7
400934545_26_0,TCU,TEX,24,7
400934545_26_3,TCU,TEX,24,7
400934545_26_4,TCU,TEX,24,7
400934545_28_0,TCU,TEX,24,7
400934545_28_1,TCU,TEX,24,7
400934546_1_1,TEX,KU,7,0
400934546_1_2,TEX,KU,7,0
400934546_1_5,TEX,KU,7,0
400934546_3_0,TEX,KU,7,0
400934546_3_1,TEX,KU,7,0
400934546_4_1,TEX,KU,14,0
400934546_4_2,TEX,KU,14,0
400934546_4_3,TEX,KU,14,0
400934546_4_4,TEX,KU,14,0
400934546_4_6,TEX,KU,14,0
400934546_4_7,TEX,KU,14,7
400934546_6_1,TEX,KU,21,7
400934546_6_2,TEX,KU,21,7
400934546_6_3,TEX,KU,21,7
400934546_8_1,TEX,KU,28,7
400934546_8_2,TEX,KU,28,7
400934546_8_3,TEX,KU,28,7
400934546_8_4,TEX,KU,28,7
400934546_8_5,TEX,KU,28,7
400934546_8_7,TEX,KU,28,7
400934546_8_9,TEX,KU,28,7
400934546_8_10,TEX,KU,28,7
400934546_8_11,TEX,KU,28,7
400934546_8_12,TEX,KU,28,7
400934546_8_13,TEX,KU,28,7
400934546_8_14,TEX,KU,28,14
400934546_10_0,TEX,KU,28,14
400934546_10_1,TEX,KU,28,14
400934546_10_2,TEX,KU,28,14
400934546_12_0,TEX,KU,28,17
400934546_12_1,TEX,KU,28,17
400934546_12_2,TEX,KU,28,17
400934546_15_2,TEX,KU,35,17
400934546_15_3,TEX,KU,35,17
400934546_15_4,TEX,KU,35,17
400934546_15_5,TEX,KU,35,17
400934546_15_6,TEX,KU,35,17
400934546_15_7,TEX,KU,35,17
400934546_15_8,TEX,KU,35,17
400934546_15_9,TEX,KU,35,17
400934546_15_11,TEX,KU,35,17
400934546_17_1,TEX,KU,35,17
400934546_17_2,TEX,KU,35,17
400934546_17_3,TEX,KU,35,17
400934546_17_4,TEX,KU,35,17
400934546_17_5,TEX,KU,35,17
400934546_17_6,TEX,KU,35,17
400934546_19_0,TEX,KU,35,17
400934546_19_1,TEX,KU,35,17
400934546_19_2,TEX,KU,35,17
400934546_19_3,TEX,KU,35,17
400934546_19_4,TEX,KU,35,17
400934546_19_5,TEX,KU,35,17
400934546_19_6,TEX,KU,35,17
400934546_19_7,TEX,KU,35,17
400934546_21_0,TEX,KU,35,20
400934546_21_1,TEX,KU,35,20
400934546_21_2,TEX,KU,35,20
400934546_23_0,TEX,KU,35,20
400934546_23_1,TEX,KU,35,20
400934546_23_2,TEX,KU,35,20
400934546_25_0,TEX,KU,35,20
400934546_25_2,TEX,KU,35,20
400934546_25_6,TEX,KU,35,20
400934546_27_1,TEX,KU,42,20
400934546_29_0,TEX,KU,42,20
400934546_29_1,TEX,KU,42,20
400934546_29_2,TEX,KU,42,20
400934546_29_3,TEX,KU,42,20
400934546_29_4,TEX,KU,42,20
400934546_29_5,TEX,KU,42,27
400934554_0_1,WVU,TEX,0,0
400934554_0_2,WVU,TEX,0,0
400934554_0_3,WVU,TEX,0,0
400934554_2_0,WVU,TEX,0,0
400934554_2_1,WVU,TEX,0,0
400934554_2_2,WVU,TEX,0,0
400934554_2_3,WVU,TEX,0,0
400934554_4_0,WVU,TEX,0,0
400934554_4_1,WVU,TEX,0,0
400934554_4_2,WVU,TEX,0,0
400934554_4_4,WVU,TEX,0,0
400934554_4_5,WVU,TEX,0,0
400934554_4_6,WVU,TEX,0,0
400934554_4_7,WVU,TEX,0,0
400934554_4_8,WVU,TEX,0,0
400934554_6_0,WVU,TEX,0,0
400934554_6_1,WVU,TEX,0,0
400934554_6_2,WVU,TEX,0,0
400934554_8_1,WVU,TEX,0,7
400934554_8_2,WVU,TEX,0,7
400934554_8_3,WVU,TEX,0,7
400934554_8_5,WVU,TEX,0,7
400934554_8_6,WVU,TEX,0,7
400934554_8_7,WVU,TEX,0,7
400934554_10_1,WVU,TEX,0,14
400934554_10_2,WVU,TEX,0,14
400934554_10_3,WVU,TEX,0,14
400934554_10_5,WVU,TEX,0,14
400934554_13_0,WVU,TEX,0,14
400934554_13_1,WVU,TEX,0,14
400934554_13_2,WVU,TEX,0,14
400934554_13_3,WVU,TEX,0,14
400934554_13_5,WVU,TEX,0,14
400934554_13_6,WVU,TEX,0,14
400934554_16_0,WVU,TEX,7,14
400934554_16_1,WVU,TEX,7,14
400934554_16_2,WVU,TEX,7,14
400934554_18_1,WVU,TEX,7,21
400934554_18_2,WVU,TEX,7,21
400934554_18_3,WVU,TEX,7,21
400934554_18_5,WVU,TEX,7,21
400934554_18_6,WVU,TEX,7,21
400934554_18_7,WVU,TEX,7,21
400934554_18_8,WVU,TEX,7,21
400934554_20_0,WVU,TEX,7,21
400934554_20_1,WVU,TEX,7,21
400934554_20_2,WVU,TEX,7,21
400934554_20_3,WVU,TEX,7,21
400934554_20_4,WVU,TEX,7,21
400934554_20_5,WVU,TEX,7,21
400934554_20_7,WVU,TEX,7,21
400934554_20_8,WVU,TEX,14,21
400934554_22_0,WVU,TEX,14,21
400934554_22_1,WVU,TEX,14,21
400934554_22_2,WVU,TEX,14,21
400934554_22_3,WVU,TEX,14,21
400934554_24_1,WVU,TEX,14,28
400934554_24_2,WVU,TEX,14,28
400934554_24_3,WVU,TEX,14,28
400934554_24_5,WVU,TEX,14,28
400934557_1_1,TEX,TTU,7,0
400934557_1_2,TEX,TTU,7,0
400934557_1_3,TEX,TTU,7,0
400934557_1_4,TEX,TTU,7,0
400934557_1_5,TEX,TTU,7,0
400934557_1_6,TEX,TTU,7,0
400934557_3_1,TEX,TTU,7,0
400934557_3_2,TEX,TTU,7,0
400934557_3_3,TEX,TTU,7,0
400934557_5_0,TEX,TTU,7,0
400934557_5_1,TEX,TTU,7,0
400934557_5_2,TEX,TTU,7,0
400934557_5_3,TEX,TTU,7,0
400934557_5_4,TEX,TTU,7,0
400934557_5_5,TEX,TTU,7,0
400934557_5_6,TEX,TTU,7,7
400934557_7_0,TEX,TTU,7,7
400934557_7_1,TEX,TTU,7,7
400934557_7_2,TEX,TTU,7,7
400934557_7_3,TEX,TTU,7,7
400934557_7_4,TEX,TTU,7,7
400934557_7_5,TEX,TTU,7,7
400934557_7_7,TEX,TTU,7,7
400934557_9_0,TEX,TTU,7,10
400934557_9_1,TEX,TTU,7,10
400934557_9_2,TEX,TTU,7,10
400934557_11_1,TEX,TTU,10,10
400934557_11_2,TEX,TTU,10,10
400934557_11_3,TEX,TTU,10,10
400934557_11_4,TEX,TTU,10,10
400934557_13_1,TEX,TTU,17,10
400934557_13_2,TEX,TTU,17,10
400934557_13_4,TEX,TTU,17,10
400934557_13_5,TEX,TTU,17,10
400934557_15_0,TEX,TTU,17,10
400934557_15_1,TEX,TTU,17,10
400934557_15_3,TEX,TTU,17,10
400934557_15_4,TEX,TTU,17,10
400934557_17_1,TEX,TTU,20,10
400934557_18_1,TEX,TTU,20,10
400934557_18_2,TEX,TTU,20,10
400934557_18_3,TEX,TTU,20,10
400934557_18_4,TEX,TTU,20,10
400934557_18_6,TEX,TTU,20,10
400934557_18_7,TEX,TTU,20,10
400934557_18_8,TEX,TTU,20,10
400934557_18_10,TEX,TTU,20,10
400934557_18_11,TEX,TTU,20,10
400934557_18_12,TEX,TTU,20,10
400934557_20_1,TEX,TTU,20,13
400934557_20_2,TEX,TTU,20,13
400934557_20_3,TEX,TTU,20,13
400934557_22_0,TEX,TTU,20,13
400934557_22_2,TEX,TTU,20,13
400934557_24_0,TEX,TTU,20,13
400934557_24_1,TEX,TTU,20,13
400934557_24_2,TEX,TTU,20,13
400934557_25_0,TEX,TTU,20,13
400934557_25_1,TEX,TTU,20,13
400934557_25_2,TEX,TTU,20,13
400934557_27_1,TEX,TTU,23,13
400934557_27_2,TEX,TTU,23,13
400934557_27_3,TEX,TTU,23,13
400934557_27_4,TEX,TTU,23,13
400934557_27_5,TEX,TTU,23,13
400934557_27_6,TEX,TTU,23,20
400934557_29_0,TEX,TTU,23,20
400934557_29_1,TEX,TTU,23,20
400934557_29_2,TEX,TTU,23,20
400934557_31_0,TEX,TTU,23,20
400934557_31_1,TEX,TTU,23,20
400934557_31_2,TEX,TTU,23,20
400934557_31_3,TEX,TTU,23,20
400934557_33_3,TEX,TTU,23,27
400934557_35_0,TEX,TTU,23,27
400934557_35_1,TEX,TTU,23,27
400934504_1_0,TEX,SJSU,0,0
400934504_1_1,TEX,SJSU,0,0
400934504_1_2,TEX,SJSU,0,0
400934504_3_1,TEX,SJSU,0,0
400934504_3_2,TEX,SJSU,0,0
400934504_3_3,TEX,SJSU,0,0
400934504_5_1,TEX,SJSU,7,0
400934504_5_4,TEX,SJSU,7,0
400934504_5_5,TEX,SJSU,7,0
400934504_5_6,TEX,SJSU,7,0
400934504_7_1,TEX,SJSU,14,0
400934504_7_3,TEX,SJSU,14,0
400934504_7_4,TEX,SJSU,14,0
400934504_7_5,TEX,SJSU,14,0
400934504_7_6,TEX,SJSU,14,0
400934504_7_7,TEX,SJSU,14,0
400934504_7_8,TEX,SJSU,14,0
400934504_7_9,TEX,SJSU,14,0
400934504_9_0,TEX,SJSU,14,0
400934504_9_1,TEX,SJSU,14,0
400934504_9_2,TEX,SJSU,14,0
400934504_9_3,TEX,SJSU,14,0
400934504_9_4,TEX,SJSU,14,0
400934504_9_5,TEX,SJSU,14,0
400934504_9_6,TEX,SJSU,14,0
400934504_9_8,TEX,SJSU,14,0
400934504_11_1,TEX,SJSU,21,0
400934504_12_2,TEX,SJSU,21,0
400934504_12_3,TEX,SJSU,21,0
400934504_12_4,TEX,SJSU,21,0
400934504_14_1,TEX,SJSU,28,0
400934504_14_2,TEX,SJSU,28,0
400934504_14_3,TEX,SJSU,28,0
400934504_16_0,TEX,SJSU,28,0
400934504_17_1,TEX,SJSU,35,0
400934504_17_2,TEX,SJSU,35,0
400934504_17_4,TEX,SJSU,35,0
400934504_21_1,TEX,SJSU,49,0
400934504_21_2,TEX,SJSU,49,0
400934504_21_3,TEX,SJSU,49,0
400934504_21_4,TEX,SJSU,49,0
400934504_23_1,TEX,SJSU,56,0
400934504_23_2,TEX,SJSU,56,0
400934504_23_3,TEX,SJSU,56,0
400934504_23_4,TEX,SJSU,56,0
400934504_23_5,TEX,SJSU,56,0
400934504_23_6,TEX,SJSU,56,0
400934504_23_7,TEX,SJSU,56,0
400934504_23_10,TEX,SJSU,56,0
400934511_0_1,USC,TEX,0,0
400934511_0_2,USC,TEX,0,0
400934511_0_3,USC,TEX,0,0
400934511_0_4,USC,TEX,0,0
400934511_0_5,USC,TEX,0,0
400934511_0_6,USC,TEX,0,0
400934511_0_7,USC,TEX,0,0
400934511_0_8,USC,TEX,0,0
400934511_2_0,USC,TEX,0,0
400934511_2_1,USC,TEX,0,0
400934511_2_2,USC,TEX,0,0
400934511_2_3,USC,TEX,0,0
400934511_2_4,USC,TEX,0,0
400934511_2_5,USC,TEX,0,0
400934511_2_6,USC,TEX,0,0
400934511_2_7,USC,TEX,0,0
400934511_2_8,USC,TEX,0,0
400934511_2_9,USC,TEX,0,0
400934511_2_10,USC,TEX,0,0
400934511_2_11,USC,TEX,0,0
400934511_2_12,USC,TEX,0,0
400934511_4_1,USC,TEX,0,0
400934511_4_3,USC,TEX,0,0
400934511_4_4,USC,TEX,0,0
400934511_6_0,USC,TEX,0,0
400934511_6_3,USC,TEX,0,0
400934511_8_0,USC,TEX,0,0
400934511_8_1,USC,TEX,0,0
400934511_8_2,USC,TEX,0,0
400934511_10_0,USC,TEX,0,0
400934511_10_1,USC,TEX,0,0
400934511_10_2,USC,TEX,0,0
400934511_10_3,USC,TEX,0,0
400934511_10_4,USC,TEX,0,0
400934511_10_5,USC,TEX,0,0
400934511_12_0,USC,TEX,0,0
400934511_12_1,USC,TEX,0,0
400934511_12_2,USC,TEX,0,0
400934511_12_3,USC,TEX,0,0
400934511_12_4,USC,TEX,0,0
400934511_12_5,USC,TEX,7,0
400934511_15_2,USC,TEX,7,7
400934511_15_4,USC,TEX,14,7
400934511_17_2,USC,TEX,14,10
400934511_17_3,USC,TEX,14,10
400934511_17_4,USC,TEX,14,10
400934511_17_5,USC,TEX,14,10
400934511_17_6,USC,TEX,14,10
400934511_17_9,USC,TEX,14,10
400934511_17_10,USC,TEX,14,10
400934511_17_11,USC,TEX,14,10
400934511_19_0,USC,TEX,14,10
400934511_19_1,USC,TEX,14,10
400934511_19_3,USC,TEX,14,10
400934511_21_0,USC,TEX,14,10
400934511_21_2,USC,TEX,14,10
400934511_21_3,USC,TEX,14,10
400934511_21_4,USC,TEX,14,10
400934511_23_0,USC,TEX,14,10
400934511_23_1,USC,TEX,14,10
400934511_23_2,USC,TEX,14,10
400934511_23_3,USC,TEX,14,10
400934511_23_4,USC,TEX,14,10
400934511_23_5,USC,TEX,14,10
400934511_25_0,USC,TEX,14,10
400934511_25_1,USC,TEX,14,10
400934511_25_2,USC,TEX,14,10
400934511_25_3,USC,TEX,14,10
400934511_25_4,USC,TEX,14,10
400934511_25_5,USC,TEX,14,10
400934511_25_6,USC,TEX,14,10
400934511_25_7,USC,TEX,14,10
400934511_25_8,USC,TEX,14,10
400934511_27_1,USC,TEX,14,17
400934511_27_2,USC,TEX,14,17
400934511_27_4,USC,TEX,14,17
400934511_27_5,USC,TEX,14,17
400934511_27_6,USC,TEX,14,17
400934511_27_7,USC,TEX,14,17
400934511_27_8,USC,TEX,14,17
400934511_28_0,USC,TEX,24,24
400934511_31_0,USC,TEX,24,24
400934511_31_1,USC,TEX,24,24
400934511_31_2,USC,TEX,24,24
400934521_0_1,ISU,TEX,0,0
400934521_0_2,ISU,TEX,0,0
400934521_2_1,ISU,TEX,0,7
400934521_2_2,ISU,TEX,0,7
400934521_2_3,ISU,TEX,0,7
400934521_2_4,ISU,TEX,0,7
400934521_2_6,ISU,TEX,0,7
400934521_2_7,ISU,TEX,0,7
400934521_4_0,ISU,TEX,0,7
400934521_4_1,ISU,TEX,0,7
400934521_4_2,ISU,TEX,0,7
400934521_4_3,ISU,TEX,0,7
400934521_6_0,ISU,TEX,0,7
400934521_6_1,ISU,TEX,0,7
400934521_6_2,ISU,TEX,0,7
400934521_6_4,ISU,TEX,0,7
400934521_6_5,ISU,TEX,0,7
400934521_6_6,ISU,TEX,0,7
400934521_8_0,ISU,TEX,0,7
400934521_8_1,ISU,TEX,0,7
400934521_8_2,ISU,TEX,0,7
400934521_10_1,ISU,TEX,0,14
400934521_10_2,ISU,TEX,0,14
400934521_10_3,ISU,TEX,0,14
400934521_10_4,ISU,TEX,0,14
400934521_10_5,ISU,TEX,0,14
400934521_10_6,ISU,TEX,0,14
400934521_10_7,ISU,TEX,0,14
400934521_10_8,ISU,TEX,0,14
400934521_10_9,ISU,TEX,0,14
400934521_10_10,ISU,TEX,0,14
400934521_10_12,ISU,TEX,0,14
400934521_12_0,ISU,TEX,0,14
400934521_12_1,ISU,TEX,0,14
400934521_15_0,ISU,TEX,0,14
400934521_15_1,ISU,TEX,0,14
400934521_15_2,ISU,TEX,0,14
400934521_15_3,ISU,TEX,0,14
400934521_15_4,ISU,TEX,0,14
400934521_17_0,ISU,TEX,0,14
400934521_17_1,ISU,TEX,0,14
400934521_19_0,ISU,TEX,0,14
400934521_19_1,ISU,TEX,0,14
400934521_19_2,ISU,TEX,0,14
400934521_19_4,ISU,TEX,7,14
400934521_21_0,ISU,TEX,7,14
400934521_21_1,ISU,TEX,7,14
400934521_23_1,ISU,TEX,7,17
400934521_23_2,ISU,TEX,7,17
400934521_23_3,ISU,TEX,7,17
400934521_23_4,ISU,TEX,7,17
400934521_25_0,ISU,TEX,7,17
400934521_25_1,ISU,TEX,7,17
400934521_25_2,ISU,TEX,7,17
400934521_25_3,ISU,TEX,7,17
400934521_25_5,ISU,TEX,7,17
400934521_25_6,ISU,TEX,7,17
400934521_25_7,ISU,TEX,7,17
400934521_25_8,ISU,TEX,7,17
400934521_25_9,ISU,TEX,7,17
400934524_1_0,TEX,KSU,0,0
400934524_1_1,TEX,KSU,0,0
400934524_1_2,TEX,KSU,0,0
400934524_3_0,TEX,KSU,0,0
400934524_3_2,TEX,KSU,0,0
400934524_3_3,TEX,KSU,0,0
400934524_3_4,TEX,KSU,0,0
400934524_3_5,TEX,KSU,0,0
400934524_3_6,TEX,KSU,0,0
400934524_5_0,TEX,KSU,0,3
400934524_5_1,TEX,KSU,0,3
400934524_5_4,TEX,KSU,0,3
400934524_5_5,TEX,KSU,0,10
400934524_7_1,TEX,KSU,7,10
400934524_7_2,TEX,KSU,7,10
400934524_7_3,TEX,KSU,7,10
400934524_7_4,TEX,KSU,7,10
400934524_7_5,TEX,KSU,7,10
400934524_7_7,TEX,KSU,7,10
400934524_7_8,TEX,KSU,7,17
400934524_9_1,TEX,KSU,14,17
400934524_9_2,TEX,KSU,14,17
400934524_11_1,TEX,KSU,21,17
400934524_12_1,TEX,KSU,21,17
400934524_12_2,TEX,KSU,21,17
400934524_12_3,TEX,KSU,21,17
400934524_14_1,TEX,KSU,24,17
400934524_14_2,TEX,KSU,24,17
400934524_14_3,TEX,KSU,24,17
400934524_14_5,TEX,KSU,24,17
400934524_16_0,TEX,KSU,24,17
400934524_16_1,TEX,KSU,24,17
400934524_16_2,TEX,KSU,24,17
400934524_16_4,TEX,KSU,24,17
400934524_16_5,TEX,KSU,24,17
400934524_16_6,TEX,KSU,24,24
400934524_18_0,TEX,KSU,24,24
400934524_18_1,TEX,KSU,24,24
400934524_18_2,TEX,KSU,24,24
400934524_18_3,TEX,KSU,24,24
400934524_18_4,TEX,KSU,24,24
400934524_18_6,TEX,KSU,24,24
400934524_18_7,TEX,KSU,24,24
400934524_18_8,TEX,KSU,24,24
400934524_18_9,TEX,KSU,24,24
400934524_20_0,TEX,KSU,24,27
400934524_20_1,TEX,KSU,24,27
400934524_20_2,TEX,KSU,24,27
400934524_22_1,TEX,KSU,27,27
400934524_22_3,TEX,KSU,27,27
400934524_22_4,TEX,KSU,27,27
400934524_22_8,TEX,KSU,27,27
400934524_24_1,TEX,KSU,27,27
400934524_24_3,TEX,KSU,27,27
400934524_24_4,TEX,KSU,27,27
400934528_1_0,TEX,OKLA,0,0
400934528_1_1,TEX,OKLA,0,0
400934528_1_2,TEX,OKLA,0,0
400934528_1_3,TEX,OKLA,0,0
400934528_1_4,TEX,OKLA,0,7
400934528_3_0,TEX,OKLA,0,7
400934528_3_1,TEX,OKLA,0,7
400934528_3_2,TEX,OKLA,0,7
400934528_3_3,TEX,OKLA,0,7
400934528_3_4,TEX,OKLA,0,7
400934528_3_5,TEX,OKLA,0,7
400934528_3_6,TEX,OKLA,0,7
400934528_3_8,TEX,OKLA,0,7
400934528_3_9,TEX,OKLA,0,7
400934528_5_0,TEX,OKLA,0,10
400934528_5_3,TEX,OKLA,0,10
400934528_5_4,TEX,OKLA,0,10
400934528_5_5,TEX,OKLA,0,10
400934528_5_6,TEX,OKLA,0,10
400934528_5_8,TEX,OKLA,0,10
400934528_5_10,TEX,OKLA,0,10
400934528_5_11,TEX,OKLA,0,10
400934528_5_12,TEX,OKLA,0,17
400934528_7_0,TEX,OKLA,0,17
400934528_7_1,TEX,OKLA,0,17
400934528_7_2,TEX,OKLA,0,17
400934528_9_0,TEX,OKLA,0,17
400934528_9_1,TEX,OKLA,0,17
400934528_9_2,TEX,OKLA,0,17
400934528_9_3,TEX,OKLA,0,17
400934528_11_1,TEX,OKLA,7,20
400934528_11_2,TEX,OKLA,7,20
400934528_11_3,TEX,OKLA,7,20
400934528_11_4,TEX,OKLA,7,20
400934528_11_5,TEX,OKLA,7,20
400934528_11_6,TEX,OKLA,7,20
400934528_13_1,TEX,OKLA,10,20
400934528_13_2,TEX,OKLA,10,20
400934528_13_4,TEX,OKLA,10,20
400934528_13_5,TEX,OKLA,10,20
400934528_13_6,TEX,OKLA,10,20
400934528_13_7,TEX,OKLA,10,20
400934528_13_9,TEX,OKLA,10,20
400934528_13_10,TEX,OKLA,10,20
400934528_13_12,TEX,OKLA,10,20
400934528_13_13,TEX,OKLA,10,20
400934528_15_1,TEX,OKLA,17,23
400934528_15_2,TEX,OKLA,17,23
400934528_15_3,TEX,OKLA,17,23
400934528_15_4,TEX,OKLA,17,23
400934528_15_5,TEX,OKLA,17,23
400934528_15_6,TEX,OKLA,17,23
400934528_17_0,TEX,OKLA,17,23
400934528_17_1,TEX,OKLA,17,23
400934528_17_2,TEX,OKLA,17,23
400934528_19_0,TEX,OKLA,17,23
400934528_19_1,TEX,OKLA,17,23
400934528_19_2,TEX,OKLA,17,23
400934528_21_1,TEX,OKLA,24,23
400934528_21_2,TEX,OKLA,24,23
400934528_21_3,TEX,OKLA,24,29
400934528_23_0,TEX,OKLA,24,29
400934528_23_1,TEX,OKLA,24,29
400934528_23_3,TEX,OKLA,24,29
400934535_0_1,TEX,OKST,0,0
400934535_0_2,TEX,OKST,0,0
400934535_0_3,TEX,OKST,0,0
400934535_0_4,TEX,OKST,0,0
400934535_0_5,TEX,OKST,0,0
400934535_2_0,TEX,OKST,0,0
400934535_2_1,TEX,OKST,0,0
400934535_2_2,TEX,OKST,0,0
400934535_4_0,TEX,OKST,0,0
400934535_4_1,TEX,OKST,0,0
400934535_4_2,TEX,OKST,0,0
400934535_4_3,TEX,OKST,0,0
400934535_4_5,TEX,OKST,0,0
400934535_4_6,TEX,OKST,0,0
400934535_4_7,TEX,OKST,0,0
400934535_4_8,TEX,OKST,0,0
400934535_4_9,TEX,OKST,0,0
400934535_4_10,TEX,OKST,0,7
400934535_6_0,TEX,OKST,0,7
400934535_6_1,TEX,OKST,0,7
400934535_6_2,TEX,OKST,0,7
400934535_6_3,TEX,OKST,0,7
400934535_6_4,TEX,OKST,0,7
400934535_6_5,TEX,OKST,0,7
400934535_6_6,TEX,OKST,0,7
400934535_6_8,TEX,OKST,0,7
400934535_6_9,TEX,OKST,0,7
400934535_8_1,TEX,OKST,7,7
400934535_8_3,TEX,OKST,7,7
400934535_8_4,TEX,OKST,7,7
400934535_10_0,TEX,OKST,7,7
400934535_10_1,TEX,OKST,7,7
400934535_10_2,TEX,OKST,7,7
400934535_10_3,TEX,OKST,7,7
400934535_10_4,TEX,OKST,7,7
400934535_10_5,TEX,OKST,7,7
400934535_10_6,TEX,OKST,7,7
400934535_12_0,TEX,OKST,7,7
400934535_12_1,TEX,OKST,7,7
400934535_12_2,TEX,OKST,7,7
400934535_12_3,TEX,OKST,7,7
400934535_12_6,TEX,OKST,7,7
400934535_14_1,TEX,OKST,10,7
400934535_14_2,TEX,OKST,10,7
400934535_14_3,TEX,OKST,10,7
400934535_16_0,TEX,OKST,10,7
400934535_16_1,TEX,OKST,10,7
400934535_16_2,TEX,OKST,10,7
400934535_16_5,TEX,OKST,10,7
400934535_16_6,TEX,OKST,10,7
400934535_16_7,TEX,OKST,10,7
400934535_16_9,TEX,OKST,10,7
400934535_18_0,TEX,OKST,10,7
400934535_18_1,TEX,OKST,10,7
400934535_18_3,TEX,OKST,10,7
400934535_18_4,TEX,OKST,10,7
400934535_18_6,TEX,OKST,10,7
400934535_18_7,TEX,OKST,10,7
400934535_18_8,TEX,OKST,10,7
400934535_18_10,TEX,OKST,10,7
400934535_18_11,TEX,OKST,10,7
400934535_18_12,TEX,OKST,10,7
400934535_20_0,TEX,OKST,10,10
400934535_20_1,TEX,OKST,10,10
400934535_20_2,TEX,OKST,10,10
400934535_20_3,TEX,OKST,10,10
400934535_20_4,TEX,OKST,10,10
400934535_20_5,TEX,OKST,10,10
400934535_22_0,TEX,OKST,10,10
400934535_22_1,TEX,OKST,10,10
400934535_22_2,TEX,OKST,10,10
400934535_22_3,TEX,OKST,10,10
400934535_22_4,TEX,OKST,10,10
400934535_24_0,TEX,OKST,10,10
400934535_24_1,TEX,OKST,10,10
400934535_24_3,TEX,OKST,10,10
400934535_26_0,TEX,OKST,10,10
400934535_26_1,TEX,OKST,10,10
400934535_26_2,TEX,OKST,10,10
400934535_26_3,TEX,OKST,10,10
400934535_26_6,TEX,OKST,10,10
400934535_28_0,TEX,OKST,10,10
400934535_28_1,TEX,OKST,10,10
400934535_28_2,TEX,OKST,10,10
400934538_0_1,BAY,TEX,0,0
400934538_0_2,BAY,TEX,0,0
400934538_1_1,BAY,TEX,0,7
400934538_1_2,BAY,TEX,0,7
400934538_1_3,BAY,TEX,0,7
400934538_1_4,BAY,TEX,0,7
400934538_1_7,BAY,TEX,0,7
400934538_1_8,BAY,TEX,0,7
400934538_3_0,BAY,TEX,0,7
400934538_3_2,BAY,TEX,0,7
400934538_3_3,BAY,TEX,0,7
400934538_7_1,BAY,TEX,0,7
400934538_7_2,BAY,TEX,0,7
400934538_7_3,BAY,TEX,0,7
400934538_9_1,BAY,TEX,0,7
400934538_9_2,BAY,TEX,0,7
400934538_9_3,BAY,TEX,0,7
400934538_9_4,BAY,TEX,0,7
400934538_9_5,BAY,TEX,0,7
400934538_11_1,BAY,TEX,0,14
400934538_11_2,BAY,TEX,0,14
400934538_11_3,BAY,TEX,7,14
400934538_13_0,BAY,TEX,7,14
400934538_13_1,BAY,TEX,7,14
400934538_13_2,BAY,TEX,7,14
400934538_13_3,BAY,TEX,7,14
400934538_15_1,BAY,TEX,7,21
400934538_15_2,BAY,TEX,7,21
400934538_15_4,BAY,TEX,7,21
400934538_15_5,BAY,TEX,7,21
400934538_17_0,BAY,TEX,7,21
400934538_17_2,BAY,TEX,7,21
400934538_19_0,BAY,TEX,7,21
400934538_19_1,BAY,TEX,7,21
400934538_19_2,BAY,TEX,7,21
400934538_19_3,BAY,TEX,7,21
400934538_19_4,BAY,TEX,7,21
400934538_21_0,BAY,TEX,7,21
400934538_23_1,BAY,TEX,7,24
400934538_23_2,BAY,TEX,7,24
400934538_23_3,BAY,TEX,7,24
400934538_25_0,BAY,TEX,7,24
400934538_25_1,BAY,TEX,7,24
400934538_25_2,BAY,TEX,7,24
400934538_25_3,BAY,TEX,7,24
400934538_27_1,BAY,TEX,7,31
400934538_27_2,BAY,TEX,7,31
400934538_27_3,BAY,TEX,7,31
400934538_27_4,BAY,TEX,7,31
400934538_27_5,BAY,TEX,7,31
400934538_27_6,BAY,TEX,7,31
400934538_27_7,BAY,TEX,7,31
400934538_27_8,BAY,TEX,7,31
400934538_27_9,BAY,TEX,7,31
400934538_27_10,BAY,TEX,7,31
400934538_27_11,BAY,TEX,7,31
400934538_27_13,BAY,TEX,7,31
400934538_27_14,BAY,TEX,7,31
400934538_29_1,BAY,TEX,7,31
400934538_29_2,BAY,TEX,7,31
400934538_29_3,BAY,TEX,7,31
400934538_29_5,BAY,TEX,7,31
400934538_31_1,BAY,TEX,7,38
400934538_31_2,BAY,TEX,7,38
400934538_31_3,BAY,TEX,7,38
400934538_31_4,BAY,TEX,7,38
400934538_31_6,BAY,TEX,7,38
400934538_31_7,BAY,TEX,7,38
400934538_31_8,BAY,TEX,7,38
401012872_0_1,MD,TEX,0,0
401012872_0_2,MD,TEX,0,0
401012872_0_3,MD,TEX,0,0
401012872_0_4,MD,TEX,0,0
401012872_0_5,MD,TEX,0,0
401012872_0_6,MD,TEX,7,0
401012872_2_0,MD,TEX,7,0
401012872_2_1,MD,TEX,7,0
401012872_2_2,MD,TEX,7,0
401012872_4_1,MD,TEX,7,7
401012872_4_2,MD,TEX,7,7
401012872_4_3,MD,TEX,14,7
401012872_6_0,MD,TEX,14,7
401012872_6_1,MD,TEX,14,7
401012872_6_2,MD,TEX,14,7
401012872_6_3,MD,TEX,14,7
401012872_6_4,MD,TEX,14,7
401012872_6_5,MD,TEX,14,7
401012872_6_6,MD,TEX,14,7
401012872_6_7,MD,TEX,14,7
401012872_8_1,MD,TEX,14,7
401012872_8_2,MD,TEX,14,7
401012872_8_4,MD,TEX,14,7
401012872_8_6,MD,TEX,14,7
401012872_8_8,MD,TEX,14,7
401012872_10_0,MD,TEX,17,7
401012872_10_1,MD,TEX,17,7
401012872_10_2,MD,TEX,17,7
401012872_10_3,MD,TEX,17,7
401012872_10_4,MD,TEX,17,7
401012872_10_5,MD,TEX,17,7
401012872_10_6,MD,TEX,17,7
401012872_10_7,MD,TEX,17,7
401012872_12_0,MD,TEX,24,7
401012872_14_1,MD,TEX,24,14
401012872_14_3,MD,TEX,24,14
401012872_14_4,MD,TEX,24,14
401012872_16_0,MD,TEX,24,14
401012872_16_2,MD,TEX,24,14
401012872_18_1,MD,TEX,24,22
401012872_20_0,MD,TEX,24,22
401012872_20_2,MD,TEX,24,22
401012872_20_3,MD,TEX,24,22
401012872_20_4,MD,TEX,24,22
401012872_20_5,MD,TEX,24,22
401012872_20_6,MD,TEX,24,22
401012872_22_0,MD,TEX,24,22
401012872_22_1,MD,TEX,24,22
401012872_22_2,MD,TEX,24,22
401012872_22_3,MD,TEX,24,22
401012872_24_1,MD,TEX,24,29
401012872_24_2,MD,TEX,24,29
401012872_24_4,MD,TEX,24,29
401012872_24_5,MD,TEX,24,29
401012872_24_7,MD,TEX,24,29
401012872_24_8,MD,TEX,24,29
401012872_24_9,MD,TEX,24,29
401012872_24_11,MD,TEX,24,29
401012872_24_13,MD,TEX,24,29
401012872_24_14,MD,TEX,31,29
401012872_26_0,MD,TEX,31,29
401012872_26_1,MD,TEX,31,29
401012872_26_2,MD,TEX,31,29
401012872_26_4,MD,TEX,31,29
401012872_26_5,MD,TEX,31,29
401012872_26_6,MD,TEX,31,29
401012872_26_8,MD,TEX,31,29
401012872_26_9,MD,TEX,31,29
401012872_26_10,MD,TEX,31,29
401012872_26_11,MD,TEX,31,29
401012872_28_0,MD,TEX,34,29
401012872_28_1,MD,TEX,34,29
401012872_28_2,MD,TEX,34,29
401012872_30_0,MD,TEX,34,29
401012872_30_1,MD,TEX,34,29
401012872_30_2,MD,TEX,34,29
401012872_32_0,MD,TEX,34,29
401012872_32_1,MD,TEX,34,29
401013188_0_1,TEX,WVU,0,0
401013188_0_2,TEX,WVU,0,0
401013188_0_3,TEX,WVU,0,0
401013188_0_4,TEX,WVU,0,0
401013188_0_5,TEX,WVU,0,0
401013188_0_6,TEX,WVU,0,0
401013188_0_7,TEX,WVU,0,0
401013188_0_8,TEX,WVU,0,0
401013188_0_10,TEX,WVU,0,0
401013188_0_12,TEX,WVU,0,0
401013188_2_0,TEX,WVU,0,3
401013188_2_1,TEX,WVU,0,3
401013188_2_2,TEX,WVU,0,3
401013188_4_1,TEX,WVU,7,3
401013188_4_2,TEX,WVU,7,3
401013188_4_3,TEX,WVU,7,3
401013188_4_4,TEX,WVU,7,3
401013188_4_5,TEX,WVU,7,10
401013188_6_1,TEX,WVU,14,10
401013188_6_2,TEX,WVU,14,10
401013188_6_3,TEX,WVU,14,10
401013188_6_4,TEX,WVU,14,10
401013188_6_5,TEX,WVU,14,10
401013188_6_6,TEX,WVU,14,10
401013188_6_9,TEX,WVU,14,10
401013188_6_11,TEX,WVU,14,10
401013188_6_12,TEX,WVU,14,17
401013188_8_1,TEX,WVU,21,17
401013188_8_2,TEX,WVU,21,17
401013188_8_3,TEX,WVU,21,17
401013188_8_4,TEX,WVU,21,17
401013188_8_6,TEX,WVU,21,17
401013188_8_8,TEX,WVU,21,24
401013188_10_2,TEX,WVU,28,24
401013188_10_3,TEX,WVU,28,24
401013188_10_5,TEX,WVU,28,24
401013188_10_6,TEX,WVU,28,24
401013188_10_9,TEX,WVU,28,24
401013188_10_10,TEX,WVU,28,24
401013188_10_13,TEX,WVU,28,24
401013188_10_14,TEX,WVU,28,24
401013188_10_16,TEX,WVU,28,24
401013188_10_17,TEX,WVU,28,24
401013188_13_0,TEX,WVU,28,27
401013188_13_1,TEX,WVU,28,27
401013188_13_2,TEX,WVU,28,27
401013188_13_3,TEX,WVU,28,27
401013188_13_4,TEX,WVU,28,27
401013188_13_5,TEX,WVU,28,27
401013188_15_1,TEX,WVU,31,27
401013188_15_2,TEX,WVU,31,27
401013188_15_3,TEX,WVU,31,27
401013188_15_4,TEX,WVU,31,27
401013188_15_5,TEX,WVU,31,27
401013188_15_6,TEX,WVU,31,27
401013188_15_7,TEX,WVU,31,27
401013188_17_1,TEX,WVU,34,27
401013188_17_2,TEX,WVU,34,27
401013188_17_3,TEX,WVU,34,27
401013188_17_4,TEX,WVU,34,27
401013188_17_5,TEX,WVU,34,27
401013188_17_6,TEX,WVU,34,27
401013188_17_8,TEX,WVU,34,27
401013188_17_9,TEX,WVU,34,27
401013188_17_10,TEX,WVU,34,27
401013188_17_11,TEX,WVU,34,27
401013188_17_12,TEX,WVU,34,34
401013188_19_0,TEX,WVU,41,34
401013188_19_1,TEX,WVU,41,34
401013188_19_2,TEX,WVU,41,34
401013188_19_3,TEX,WVU,41,34
401013188_19_4,TEX,WVU,41,34
401013188_19_5,TEX,WVU,41,34
401013188_19_6,TEX,WVU,41,42
401013321_0_1,TTU,TEX,0,0
401013321_0_2,TTU,TEX,0,0
401013321_0_3,TTU,TEX,0,0
401013321_0_4,TTU,TEX,0,0
401013321_0_5,TTU,TEX,0,0
401013321_0_6,TTU,TEX,0,0
401013321_0_7,TTU,TEX,0,0
401013321_0_8,TTU,TEX,0,0
401013321_0_10,TTU,TEX,0,0
401013321_0_11,TTU,TEX,7,0
401013321_2_0,TTU,TEX,7,0
401013321_2_1,TTU,TEX,7,0
401013321_2_2,TTU,TEX,7,0
401013321_2_3,TTU,TEX,7,0
401013321_2_4,TTU,TEX,7,0
401013321_2_5,TTU,TEX,7,0
401013321_2_6,TTU,TEX,7,0
401013321_2_7,TTU,TEX,7,0
401013321_2_8,TTU,TEX,7,0
401013321_2_9,TTU,TEX,7,0
401013321_2_10,TTU,TEX,7,0
401013321_2_12,TTU,TEX,7,0
401013321_4_1,TTU,TEX,7,3
401013321_4_2,TTU,TEX,7,3
401013321_4_4,TTU,TEX,7,3
401013321_6_1,TTU,TEX,7,10
401013321_6_2,TTU,TEX,7,10
401013321_6_3,TTU,TEX,7,10
401013321_6_4,TTU,TEX,7,10
401013321_8_1,TTU,TEX,7,17
401013321_8_2,TTU,TEX,7,17
401013321_8_3,TTU,TEX,7,17
401013321_8_4,TTU,TEX,7,17
401013321_8_6,TTU,TEX,7,17
401013321_8_7,TTU,TEX,7,17
401013321_8_9,TTU,TEX,7,17
401013321_8_11,TTU,TEX,7,17
401013321_11_2,TTU,TEX,10,24
401013321_11_3,TTU,TEX,10,24
401013321_11_4,TTU,TEX,10,24
401013321_11_5,TTU,TEX,10,24
401013321_11_6,TTU,TEX,10,24
401013321_11_7,TTU,TEX,10,24
401013321_11_8,TTU,TEX,10,24
401013321_13_1,TTU,TEX,10,27
401013321_13_2,TTU,TEX,10,27
401013321_13_3,TTU,TEX,10,27
401013321_13_4,TTU,TEX,10,27
401013321_15_0,TTU,TEX,10,27
401013321_15_1,TTU,TEX,10,27
401013321_15_2,TTU,TEX,17,27
401013321_17_1,TTU,TEX,17,34
401013321_17_2,TTU,TEX,17,34
401013321_17_3,TTU,TEX,17,34
401013321_17_4,TTU,TEX,17,34
401013321_17_5,TTU,TEX,17,34
401013321_17_7,TTU,TEX,17,34
401013321_17_8,TTU,TEX,17,34
401013321_17_9,TTU,TEX,17,34
401013321_17_12,TTU,TEX,17,34
401013321_18_1,TTU,TEX,20,34
401013321_18_2,TTU,TEX,20,34
401013321_18_3,TTU,TEX,20,34
401013321_18_5,TTU,TEX,20,34
401013321_18_6,TTU,TEX,20,34
401013321_18_7,TTU,TEX,20,34
401013321_18_8,TTU,TEX,20,34
401013321_18_9,TTU,TEX,27,34
401013321_20_0,TTU,TEX,27,34
401013321_20_1,TTU,TEX,27,34
401013321_20_3,TTU,TEX,27,34
401013321_20_4,TTU,TEX,27,34
401013321_20_5,TTU,TEX,34,34
401013321_22_2,TTU,TEX,34,41
401013321_22_4,TTU,TEX,34,41
401013046_0_1,TEX,ISU,0,0
401013046_0_2,TEX,ISU,0,0
401013046_0_3,TEX,ISU,0,0
401013046_0_4,TEX,ISU,0,0
401013046_0_5,TEX,ISU,0,0
401013046_1_0,TEX,ISU,0,0
401013046_1_1,TEX,ISU,0,0
401013046_2_1,TEX,ISU,7,0
401013046_2_2,TEX,ISU,7,0
401013046_2_3,TEX,ISU,7,0
401013046_2_4,TEX,ISU,7,0
401013046_2_5,TEX,ISU,7,0
401013046_2_6,TEX,ISU,7,0
401013046_2_8,TEX,ISU,7,0
401013046_2_9,TEX,ISU,7,0
401013046_4_0,TEX,ISU,7,3
401013046_4_1,TEX,ISU,7,3
401013046_4_2,TEX,ISU,7,3
401013046_4_3,TEX,ISU,7,3
401013046_4_4,TEX,ISU,7,3
401013046_4_5,TEX,ISU,7,3
401013046_4_6,TEX,ISU,7,3
401013046_4_7,TEX,ISU,7,3
401013046_6_2,TEX,ISU,14,3
401013046_6_3,TEX,ISU,14,3
401013046_6_4,TEX,ISU,14,3
401013046_8_0,TEX,ISU,14,3
401013046_8_1,TEX,ISU,14,3
401013046_8_2,TEX,ISU,14,3
401013046_8_3,TEX,ISU,14,3
401013046_8_5,TEX,ISU,14,3
401013046_12_0,TEX,ISU,17,3
401013046_12_1,TEX,ISU,17,3
401013046_12_2,TEX,ISU,17,3
401013046_12_3,TEX,ISU,17,3
401013046_12_4,TEX,ISU,17,3
401013046_12_5,TEX,ISU,17,3
401013046_12_6,TEX,ISU,17,3
401013046_12_7,TEX,ISU,17,3
401013046_12_8,TEX,ISU,17,3
401013046_12_9,TEX,ISU,17,3
401013046_14_1,TEX,ISU,24,3
401013046_14_2,TEX,ISU,24,3
401013046_14_4,TEX,ISU,24,3
401013046_16_0,TEX,ISU,24,3
401013046_16_1,TEX,ISU,24,3
401013046_16_4,TEX,ISU,24,3
401013046_18_0,TEX,ISU,24,3
401013046_18_1,TEX,ISU,24,3
401013046_18_2,TEX,ISU,24,3
401013046_18_3,TEX,ISU,24,3
401013046_20_0,TEX,ISU,24,3
401013046_20_1,TEX,ISU,24,10
401013046_22_0,TEX,ISU,24,10
401013046_22_1,TEX,ISU,24,10
401013056_0_1,KU,TEX,0,0
401013056_0_2,KU,TEX,0,0
401013056_0_3,KU,TEX,0,0
401013056_2_2,KU,TEX,0,7
401013056_2_3,KU,TEX,0,7
401013056_2_4,KU,TEX,0,7
401013056_4_0,KU,TEX,0,7
401013056_4_1,KU,TEX,0,7
401013056_4_2,KU,TEX,0,7
401013056_4_4,KU,TEX,0,7
401013056_4_5,KU,TEX,0,7
401013056_4_6,KU,TEX,0,7
401013056_4_7,KU,TEX,0,7
401013056_4_9,KU,TEX,0,7
401013056_6_0,KU,TEX,0,7
401013056_6_1,KU,TEX,0,7
401013056_6_2,KU,TEX,0,7
401013056_6_3,KU,TEX,0,7
401013056_6_4,KU,TEX,0,7
401013056_6_6,KU,TEX,0,7
401013056_8_0,KU,TEX,0,7
401013056_8_1,KU,TEX,0,7
401013056_8_2,KU,TEX,0,7
401013056_8_3,KU,TEX,0,7
401013056_8_4,KU,TEX,0,7
401013056_8_5,KU,TEX,0,7
401013056_8_6,KU,TEX,0,7
401013056_8_7,KU,TEX,0,7
401013056_10_0,KU,TEX,0,7
401013056_12_0,KU,TEX,0,7
401013056_12_1,KU,TEX,0,7
401013056_12_2,KU,TEX,0,7
401013056_14_1,KU,TEX,0,14
401013056_14_2,KU,TEX,0,14
401013056_14_3,KU,TEX,0,14
401013056_14_4,KU,TEX,0,14
401013056_14_5,KU,TEX,0,14
401013056_14_6,KU,TEX,0,14
401013056_14_7,KU,TEX,0,14
401013056_14_8,KU,TEX,0,14
401013056_14_9,KU,TEX,0,14
401013056_14_11,KU,TEX,0,14
401013056_16_1,KU,TEX,0,21
401013056_16_2,KU,TEX,0,21
401013056_16_3,KU,TEX,0,21
401013056_16_5,KU,TEX,0,21
401013056_16_6,KU,TEX,7,21
401013056_18_0,KU,TEX,7,21
401013056_18_1,KU,TEX,7,21
401013056_20_1,KU,TEX,7,24
401013056_20_2,KU,TEX,7,24
401013056_22_0,KU,TEX,7,24
401013056_22_1,KU,TEX,7,24
401013056_22_3,KU,TEX,7,24
401013056_22_4,KU,TEX,7,24
401013056_22_5,KU,TEX,7,24
401013056_22_6,KU,TEX,7,24
401013056_22_8,KU,TEX,7,24
401013056_22_9,KU,TEX,14,24
401013056_23_1,KU,TEX,14,24
401013056_23_2,KU,TEX,14,24
401013056_23_4,KU,TEX,14,24
401013056_23_5,KU,TEX,14,24
401013056_23_6,KU,TEX,14,24
401013056_23_7,KU,TEX,14,24
401056698_1_1,OKLA,TEX,0,7
401056698_1_2,OKLA,TEX,0,7
401056698_1_3,OKLA,TEX,0,7
401056698_1_5,OKLA,TEX,0,7
401056698_1_6,OKLA,TEX,0,7
401056698_1_8,OKLA,TEX,0,7
401056698_1_9,OKLA,TEX,0,7
401056698_1_10,OKLA,TEX,0,7
401056698_3_0,OKLA,TEX,3,7
401056698_3_1,OKLA,TEX,3,7
401056698_3_3,OKLA,TEX,3,7
401056698_3_4,OKLA,TEX,3,7
401056698_3_5,OKLA,TEX,3,7
401056698_3_6,OKLA,TEX,3,7
401056698_3_8,OKLA,TEX,3,7
401056698_3_9,OKLA,TEX,3,7
401056698_3_11,OKLA,TEX,3,7
401056698_3_12,OKLA,TEX,3,7
401056698_3_14,OKLA,TEX,3,7
401056698_3_16,OKLA,TEX,3,7
401056698_5_1,OKLA,TEX,6,14
401056698_5_2,OKLA,TEX,6,14
401056698_5_3,OKLA,TEX,6,14
401056698_7_0,OKLA,TEX,6,14
401056698_7_1,OKLA,TEX,6,14
401056698_7_3,OKLA,TEX,6,14
401056698_7_4,OKLA,TEX,6,14
401056698_7_5,OKLA,TEX,13,14
401056698_9_0,OKLA,TEX,13,14
401056698_9_2,OKLA,TEX,13,14
401056698_9_3,OKLA,TEX,13,14
401056698_9_4,OKLA,TEX,13,14
401056698_9_5,OKLA,TEX,20,14
401056698_11_1,OKLA,TEX,20,14
401056698_11_2,OKLA,TEX,20,14
401056698_11_3,OKLA,TEX,20,14
401056698_11_4,OKLA,TEX,20,14
401056698_11_6,OKLA,TEX,20,14
401056698_11_7,OKLA,TEX,20,14
401056698_11_8,OKLA,TEX,20,14
401056698_11_9,OKLA,TEX,27,14
401056698_13_2,OKLA,TEX,27,21
401056698_13_3,OKLA,TEX,27,21
401056698_15_1,OKLA,TEX,27,27
401056698_15_2,OKLA,TEX,27,27
401056698_15_3,OKLA,TEX,27,27
401056698_15_4,OKLA,TEX,27,27
401056698_15_5,OKLA,TEX,27,27
401056698_15_6,OKLA,TEX,27,27
401056698_15_8,OKLA,TEX,27,27
401056698_15_9,OKLA,TEX,27,27
401056698_15_11,OKLA,TEX,27,27
401056698_15_12,OKLA,TEX,27,27
401056698_15_13,OKLA,TEX,27,27
401056698_15_14,OKLA,TEX,27,27
401056698_17_0,OKLA,TEX,30,27
401056698_17_1,OKLA,TEX,30,27
401056698_17_2,OKLA,TEX,30,27
401056698_19_1,OKLA,TEX,32,27
401056698_19_2,OKLA,TEX,32,27
401056698_19_3,OKLA,TEX,32,27
401056698_19_4,OKLA,TEX,32,27
401056698_19_5,OKLA,TEX,32,27
401056698_19_6,OKLA,TEX,32,27
401056698_19_7,OKLA,TEX,32,27
401056698_19_8,OKLA,TEX,32,27
401056698_19_9,OKLA,TEX,32,27
401056698_19_10,OKLA,TEX,32,27
401056698_19_12,OKLA,TEX,39,27
401056698_21_0,OKLA,TEX,39,27
401056698_21_1,OKLA,TEX,39,27
401013319_0_1,TEX,TLSA,0,0
401013319_2_1,TEX,TLSA,7,0
401013319_2_2,TEX,TLSA,7,0
401013319_2_3,TEX,TLSA,7,0
401013319_2_4,TEX,TLSA,7,0
401013319_2_5,TEX,TLSA,7,0
401013319_2_6,TEX,TLSA,7,0
401013319_2_7,TEX,TLSA,7,0
401013319_2_8,TEX,TLSA,7,0
401013319_2_9,TEX,TLSA,7,0
401013319_2_10,TEX,TLSA,7,0
401013319_2_11,TEX,TLSA,7,0
401013319_2_12,TEX,TLSA,7,0
401013319_4_0,TEX,TLSA,7,0
401013319_4_1,TEX,TLSA,7,0
401013319_4_2,TEX,TLSA,7,0
401013319_6_1,TEX,TLSA,14,0
401013319_6_2,TEX,TLSA,14,0
401013319_6_4,TEX,TLSA,14,0
401013319_8_2,TEX,TLSA,14,0
401013319_8_3,TEX,TLSA,14,0
401013319_8_4,TEX,TLSA,14,0
401013319_10_0,TEX,TLSA,14,0
401013319_10_1,TEX,TLSA,14,0
401013319_10_2,TEX,TLSA,14,0
401013319_10_3,TEX,TLSA,14,0
401013319_10_4,TEX,TLSA,14,0
401013319_10_5,TEX,TLSA,14,0
401013319_12_1,TEX,TLSA,21,0
401013319_12_2,TEX,TLSA,21,0
401013319_12_3,TEX,TLSA,21,0
401013319_12_4,TEX,TLSA,21,0
401013319_12_5,TEX,TLSA,21,0
401013319_12_6,TEX,TLSA,21,0
401013319_12_8,TEX,TLSA,21,0
401013319_15_0,TEX,TLSA,21,0
401013319_15_1,TEX,TLSA,21,0
401013319_15_2,TEX,TLSA,21,0
401013319_17_0,TEX,TLSA,21,0
401013319_17_1,TEX,TLSA,21,0
401013319_17_2,TEX,TLSA,21,0
401013319_17_3,TEX,TLSA,21,0
401013319_17_4,TEX,TLSA,21,0
401013319_17_5,TEX,TLSA,21,0
401013319_17_6,TEX,TLSA,21,0
401013319_17_7,TEX,TLSA,21,0
401013319_17_8,TEX,TLSA,21,0
401013319_17_9,TEX,TLSA,21,0
401013319_19_1,TEX,TLSA,21,0
401013319_19_3,TEX,TLSA,21,0
401013319_19_4,TEX,TLSA,21,0
401013319_19_5,TEX,TLSA,21,0
401013319_19_6,TEX,TLSA,21,7
401013319_21_0,TEX,TLSA,21,7
401013319_21_1,TEX,TLSA,21,7
401013319_21_2,TEX,TLSA,21,7
401013319_21_3,TEX,TLSA,21,7
401013319_21_4,TEX,TLSA,21,14
401013319_23_1,TEX,TLSA,28,14
401013319_23_2,TEX,TLSA,28,14
401013319_23_3,TEX,TLSA,28,14
401013319_23_4,TEX,TLSA,28,14
401013319_23_5,TEX,TLSA,28,21
401012739_0_2,TEX,USC,0,0
401012739_0_3,TEX,USC,0,0
401012739_0_4,TEX,USC,0,0
401012739_0_5,TEX,USC,0,0
401012739_0_6,TEX,USC,0,0
401012739_0_8,TEX,USC,0,0
401012739_0_9,TEX,USC,0,0
401012739_0_10,TEX,USC,0,0
401012739_0_11,TEX,USC,0,7
401012739_2_1,TEX,USC,3,7
401012739_2_2,TEX,USC,3,7
401012739_2_3,TEX,USC,3,7
401012739_2_4,TEX,USC,3,7
401012739_2_5,TEX,USC,3,7
401012739_2_6,TEX,USC,3,7
401012739_4_0,TEX,USC,3,7
401012739_4_1,TEX,USC,3,7
401012739_4_2,TEX,USC,3,7
401012739_4_3,TEX,USC,3,7
401012739_4_4,TEX,USC,3,7
401012739_4_5,TEX,USC,3,7
401012739_4_6,TEX,USC,3,7
401012739_4_7,TEX,USC,3,14
401012739_6_2,TEX,USC,10,14
401012739_8_1,TEX,USC,13,14
401012739_8_2,TEX,USC,13,14
401012739_8_3,TEX,USC,13,14
401012739_8_4,TEX,USC,13,14
401012739_8_5,TEX,USC,13,14
401012739_8_6,TEX,USC,13,14
401012739_8_7,TEX,USC,13,14
401012739_8_8,TEX,USC,13,14
401012739_8_9,TEX,USC,13,14
401012739_8_10,TEX,USC,13,14
401012739_8_11,TEX,USC,13,14
401012739_10_0,TEX,USC,13,14
401012739_10_1,TEX,USC,13,14
401012739_13_1,TEX,USC,23,14
401012739_13_2,TEX,USC,23,14
401012739_13_3,TEX,USC,23,14
401012739_15_1,TEX,USC,23,14
401012739_15_2,TEX,USC,23,14
401012739_15_3,TEX,USC,23,14
401012739_15_4,TEX,USC,23,14
401012739_16_1,TEX,USC,30,14
401012739_16_2,TEX,USC,30,14
401012739_16_3,TEX,USC,30,14
401012739_18_1,TEX,USC,37,14
401012739_18_2,TEX,USC,37,14
401012739_18_3,TEX,USC,37,14
401012739_20_0,TEX,USC,37,14
401012739_20_1,TEX,USC,37,14
401012739_20_2,TEX,USC,37,14
401012739_20_3,TEX,USC,37,14
401012739_20_7,TEX,USC,37,14
401012739_22_0,TEX,USC,37,14
401012739_22_1,TEX,USC,37,14
401012739_22_2,TEX,USC,37,14
401012739_22_3,TEX,USC,37,14
401012739_22_6,TEX,USC,37,14
401013075_1_2,TEX,TCU,0,0
401013075_1_3,TEX,TCU,0,0
401013075_1_4,TEX,TCU,0,0
401013075_1_5,TEX,TCU,0,0
401013075_1_6,TEX,TCU,0,0
401013075_1_7,TEX,TCU,0,0
401013075_1_8,TEX,TCU,0,0
401013075_3_0,TEX,TCU,0,3
401013075_3_1,TEX,TCU,0,3
401013075_3_2,TEX,TCU,0,3
401013075_6_1,TEX,TCU,7,3
401013075_6_2,TEX,TCU,7,3
401013075_6_3,TEX,TCU,7,3
401013075_6_4,TEX,TCU,7,3
401013075_6_5,TEX,TCU,7,3
401013075_6_8,TEX,TCU,7,3
401013075_8_0,TEX,TCU,7,6
401013075_8_1,TEX,TCU,7,6
401013075_8_2,TEX,TCU,7,6
401013075_10_1,TEX,TCU,10,6
401013075_10_2,TEX,TCU,10,6
401013075_10_3,TEX,TCU,10,6
401013075_10_4,TEX,TCU,10,6
401013075_10_5,TEX,TCU,10,6
401013075_12_1,TEX,TCU,10,6
401013075_12_2,TEX,TCU,10,6
401013075_12_3,TEX,TCU,10,6
401013075_12_4,TEX,TCU,10,6
401013075_14_0,TEX,TCU,10,6
401013075_14_2,TEX,TCU,10,6
401013075_14_3,TEX,TCU,10,6
401013075_14_4,TEX,TCU,10,6
401013075_14_5,TEX,TCU,10,6
401013075_14_7,TEX,TCU,10,6
401013075_14_8,TEX,TCU,10,6
401013075_14_10,TEX,TCU,10,13
401013075_17_0,TEX,TCU,10,13
401013075_17_1,TEX,TCU,10,13
401013075_19_0,TEX,TCU,10,13
401013075_19_1,TEX,TCU,10,13
401013075_19_2,TEX,TCU,10,13
401013075_19_3,TEX,TCU,10,13
401013075_19_4,TEX,TCU,10,13
401013075_19_5,TEX,TCU,10,13
401013075_21_0,TEX,TCU,10,16
401013075_21_1,TEX,TCU,10,16
401013075_25_1,TEX,TCU,24,16
401013075_25_3,TEX,TCU,24,16
401013075_25_4,TEX,TCU,24,16
401013075_25_5,TEX,TCU,24,16
401013075_25_6,TEX,TCU,24,16
401013075_25_8,TEX,TCU,24,16
401013075_25_9,TEX,TCU,24,16
401013075_25_10,TEX,TCU,24,16
401013075_25_11,TEX,TCU,24,16
401013075_25_12,TEX,TCU,24,16
401013075_25_13,TEX,TCU,24,16
401013075_25_14,TEX,TCU,24,16
401013075_25_15,TEX,TCU,24,16
401013075_27_1,TEX,TCU,31,16
401013075_27_2,TEX,TCU,31,16
401013075_27_3,TEX,TCU,31,16
401013075_29_0,TEX,TCU,31,16
401013075_29_1,TEX,TCU,31,16
401013075_29_2,TEX,TCU,31,16
401013075_29_3,TEX,TCU,31,16
401013075_29_4,TEX,TCU,31,16
401013075_29_5,TEX,TCU,31,16
401013075_29_6,TEX,TCU,31,16
401013075_29_7,TEX,TCU,31,16
401013075_29_8,TEX,TCU,31,16
401013060_1_0,KSU,TEX,0,0
401013060_1_1,KSU,TEX,0,0
401013060_1_2,KSU,TEX,0,0
401013060_1_3,KSU,TEX,0,0
401013060_1_4,KSU,TEX,0,0
401013060_1_5,KSU,TEX,0,0
401013060_1_6,KSU,TEX,0,0
401013060_1_7,KSU,TEX,0,0
401013060_2_1,KSU,TEX,0,7
401013060_2_2,KSU,TEX,0,7
401013060_2_3,KSU,TEX,0,7
401013060_2_5,KSU,TEX,0,7
401013060_2_6,KSU,TEX,0,7
401013060_4_2,KSU,TEX,0,14
401013060_6_1,KSU,TEX,0,19
401013060_6_2,KSU,TEX,0,19
401013060_6_3,KSU,TEX,0,19
401013060_6_5,KSU,TEX,0,19
401013060_6_6,KSU,TEX,0,19
401013060_6_7,KSU,TEX,0,19
401013060_8_0,KSU,TEX,0,19
401013060_8_1,KSU,TEX,0,19
401013060_8_2,KSU,TEX,0,19
401013060_8_3,KSU,TEX,0,19
401013060_8_4,KSU,TEX,0,19
401013060_8_5,KSU,TEX,0,19
401013060_8_7,KSU,TEX,0,19
401013060_8_10,KSU,TEX,0,19
401013060_9_1,KSU,TEX,0,19
401013060_9_2,KSU,TEX,0,19
401013060_9_3,KSU,TEX,0,19
401013060_9_4,KSU,TEX,0,19
401013060_9_5,KSU,TEX,0,19
401013060_9_7,KSU,TEX,0,19
401013060_9_9,KSU,TEX,0,19
401013060_9_10,KSU,TEX,0,19
401013060_9_11,KSU,TEX,0,19
401013060_9_13,KSU,TEX,7,19
401013060_11_0,KSU,TEX,7,19
401013060_11_1,KSU,TEX,7,19
401013060_11_3,KSU,TEX,7,19
401013060_11_5,KSU,TEX,7,19
401013060_13_0,KSU,TEX,7,19
401013060_13_1,KSU,TEX,7,19
401013060_13_2,KSU,TEX,7,19
401013060_13_4,KSU,TEX,7,19
401013060_13_5,KSU,TEX,7,19
401013060_13_6,KSU,TEX,7,19
401013060_13_7,KSU,TEX,7,19
401013060_13_8,KSU,TEX,7,19
401013060_13_9,KSU,TEX,7,19
401013060_13_10,KSU,TEX,7,19
401013060_13_12,KSU,TEX,7,19
401013060_13_13,KSU,TEX,7,19
401013060_13_14,KSU,TEX,7,19
401013060_13_15,KSU,TEX,7,19
401013060_13_16,KSU,TEX,7,19
401013060_13_17,KSU,TEX,14,19
401013060_15_0,KSU,TEX,14,19
401013060_15_1,KSU,TEX,14,19
401013060_15_3,KSU,TEX,14,19
401013067_0_1,OKLA,TEX,0,0
401013067_0_2,OKLA,TEX,0,0
401013067_0_3,OKLA,TEX,0,0
401013067_0_4,OKLA,TEX,0,0
401013067_0_5,OKLA,TEX,0,0
401013067_0_6,OKLA,TEX,7,0
401013067_2_1,OKLA,TEX,7,7
401013067_2_2,OKLA,TEX,7,7
401013067_2_4,OKLA,TEX,7,7
401013067_2_5,OKLA,TEX,7,7
401013067_4_1,OKLA,TEX,7,10
401013067_4_2,OKLA,TEX,7,10
401013067_4_3,OKLA,TEX,7,10
401013067_4_4,OKLA,TEX,7,10
401013067_4_5,OKLA,TEX,7,10
401013067_4_6,OKLA,TEX,7,10
401013067_4_7,OKLA,TEX,7,10
401013067_4_8,OKLA,TEX,7,10
401013067_4_9,OKLA,TEX,7,10
401013067_4_10,OKLA,TEX,7,10
401013067_6_2,OKLA,TEX,10,17
401013067_6_3,OKLA,TEX,10,17
401013067_8_1,OKLA,TEX,10,24
401013067_8_2,OKLA,TEX,10,24
401013067_8_3,OKLA,TEX,10,24
401013067_8_4,OKLA,TEX,10,24
401013067_8_5,OKLA,TEX,10,24
401013067_8_7,OKLA,TEX,10,24
401013067_8_9,OKLA,TEX,10,24
401013067_8_10,OKLA,TEX,10,24
401013067_8_11,OKLA,TEX,10,24
401013067_8_13,OKLA,TEX,10,24
401013067_8_14,OKLA,TEX,17,24
401013067_11_1,OKLA,TEX,17,31
401013067_11_2,OKLA,TEX,17,31
401013067_11_3,OKLA,TEX,24,31
401013067_15_1,OKLA,TEX,24,38
401013067_15_2,OKLA,TEX,24,38
401013067_15_4,OKLA,TEX,24,38
401013067_17_1,OKLA,TEX,24,45
401013067_17_2,OKLA,TEX,24,45
401013067_17_5,OKLA,TEX,24,45
401013067_17_6,OKLA,TEX,24,45
401013067_19_0,OKLA,TEX,24,45
401013067_19_1,OKLA,TEX,24,45
401013067_19_2,OKLA,TEX,24,45
401013067_19_3,OKLA,TEX,24,45
401013067_19_4,OKLA,TEX,24,45
401013067_19_5,OKLA,TEX,31,45
401013067_21_0,OKLA,TEX,38,45
401013067_23_0,OKLA,TEX,38,45
401013067_23_1,OKLA,TEX,38,45
401013067_23_2,OKLA,TEX,45,45
401013067_25_2,OKLA,TEX,45,48
401013032_1_1,TEX,BAY,3,0
401013032_1_2,TEX,BAY,3,0
401013032_1_3,TEX,BAY,3,0
401013032_1_4,TEX,BAY,3,0
401013032_1_5,TEX,BAY,3,0
401013032_1_6,TEX,BAY,3,0
401013032_1_7,TEX,BAY,3,0
401013032_1_8,TEX,BAY,3,0
401013032_1_9,TEX,BAY,3,0
401013032_1_11,TEX,BAY,3,0
401013032_1_12,TEX,BAY,3,7
401013032_3_1,TEX,BAY,6,7
401013032_3_2,TEX,BAY,6,7
401013032_3_3,TEX,BAY,6,7
401013032_5_0,TEX,BAY,6,7
401013032_5_1,TEX,BAY,6,7
401013032_5_2,TEX,BAY,6,7
401013032_7_0,TEX,BAY,6,7
401013032_7_2,TEX,BAY,6,7
401013032_7_3,TEX,BAY,6,7
401013032_7_4,TEX,BAY,6,7
401013032_7_5,TEX,BAY,6,7
401013032_7_6,TEX,BAY,6,7
401013032_7_7,TEX,BAY,6,7
401013032_7_8,TEX,BAY,6,7
401013032_7_9,TEX,BAY,6,7
401013032_7_11,TEX,BAY,6,7
401013032_9_1,TEX,BAY,13,10
401013032_9_2,TEX,BAY,13,10
401013032_9_4,TEX,BAY,13,10
401013032_11_1,TEX,BAY,20,10
401013032_11_2,TEX,BAY,20,10
401013032_13_1,TEX,BAY,23,10
401013032_13_2,TEX,BAY,23,10
401013032_13_3,TEX,BAY,23,10
401013032_13_4,TEX,BAY,23,10
401013032_13_5,TEX,BAY,23,10
401013032_13_6,TEX,BAY,23,10
401013032_15_0,TEX,BAY,23,10
401013032_15_1,TEX,BAY,23,10
401013032_17_0,TEX,BAY,23,10
401013032_17_1,TEX,BAY,23,10
401013032_17_3,TEX,BAY,23,10
401013032_17_4,TEX,BAY,23,10
401013032_17_6,TEX,BAY,23,10
401013032_17_7,TEX,BAY,23,17
401013032_19_0,TEX,BAY,23,17
401013032_19_1,TEX,BAY,23,17
401013032_19_3,TEX,BAY,23,17
401013032_19_5,TEX,BAY,23,17
401013032_19_6,TEX,BAY,23,17
401013032_19_7,TEX,BAY,23,17
401013032_19_8,TEX,BAY,23,17
401013032_21_0,TEX,BAY,23,17
401013032_21_1,TEX,BAY,23,17
401013032_21_2,TEX,BAY,23,17
401013032_23_0,TEX,BAY,23,17
401013032_23_1,TEX,BAY,23,17
401013032_23_2,TEX,BAY,23,17
401013032_23_3,TEX,BAY,23,17
401013032_23_4,TEX,BAY,23,17
401013032_23_6,TEX,BAY,23,17
401013032_23_7,TEX,BAY,23,17
401013032_23_8,TEX,BAY,23,17
401013032_23_9,TEX,BAY,23,17
401013032_23_10,TEX,BAY,23,17
401013032_23_11,TEX,BAY,23,17
401013032_23_12,TEX,BAY,23,17
401013320_0_1,OKST,TEX,0,0
401013320_0_2,OKST,TEX,0,0
401013320_0_3,OKST,TEX,0,0
401013320_0_4,OKST,TEX,7,0
401013320_2_1,OKST,TEX,7,7
401013320_2_2,OKST,TEX,7,7
401013320_2_3,OKST,TEX,7,7
401013320_2_4,OKST,TEX,7,7
401013320_2_5,OKST,TEX,7,7
401013320_2_6,OKST,TEX,7,7
401013320_2_7,OKST,TEX,7,7
401013320_2_8,OKST,TEX,7,7
401013320_2_9,OKST,TEX,14,7
401013320_4_0,OKST,TEX,14,7
401013320_4_1,OKST,TEX,14,7
401013320_4_2,OKST,TEX,14,7
401013320_4_3,OKST,TEX,14,7
401013320_4_4,OKST,TEX,14,7
401013320_4_5,OKST,TEX,14,7
401013320_4_6,OKST,TEX,14,7
401013320_7_0,OKST,TEX,17,7
401013320_7_1,OKST,TEX,17,7
401013320_7_2,OKST,TEX,17,7
401013320_7_3,OKST,TEX,17,7
401013320_7_4,OKST,TEX,17,7
401013320_7_5,OKST,TEX,17,7
401013320_7_6,OKST,TEX,17,7
401013320_9_0,OKST,TEX,17,7
401013320_9_1,OKST,TEX,17,7
401013320_9_2,OKST,TEX,17,7
401013320_9_3,OKST,TEX,17,7
401013320_9_4,OKST,TEX,17,7
401013320_9_5,OKST,TEX,17,7
401013320_9_6,OKST,TEX,17,7
401013320_9_7,OKST,TEX,17,7
401013320_9_8,OKST,TEX,24,7
401013320_12_1,OKST,TEX,24,14
401013320_12_2,OKST,TEX,24,14
401013320_12_3,OKST,TEX,24,14
401013320_12_5,OKST,TEX,24,14
401013320_14_0,OKST,TEX,24,14
401013320_14_1,OKST,TEX,24,14
401013320_14_2,OKST,TEX,24,14
401013320_14_3,OKST,TEX,24,14
401013320_14_4,OKST,TEX,24,14
401013320_14_5,OKST,TEX,24,14
401013320_14_8,OKST,TEX,24,14
401013320_14_9,OKST,TEX,24,14
401013320_14_10,OKST,TEX,24,14
401013320_14_12,OKST,TEX,31,14
401013320_17_0,OKST,TEX,31,14
401013320_17_1,OKST,TEX,31,14
401013320_17_3,OKST,TEX,31,14
401013320_17_4,OKST,TEX,31,14
401013320_17_5,OKST,TEX,31,14
401013320_17_6,OKST,TEX,31,14
401013320_17_7,OKST,TEX,31,14
401013320_17_8,OKST,TEX,31,14
401013320_17_9,OKST,TEX,31,14
401013320_19_0,OKST,TEX,31,14
401013320_19_1,OKST,TEX,31,14
401013320_19_3,OKST,TEX,31,14
401013320_19_4,OKST,TEX,31,14
401013320_21_1,OKST,TEX,31,21
401013320_21_2,OKST,TEX,31,21
401013320_21_4,OKST,TEX,31,21
401013320_23_1,OKST,TEX,31,28
401013320_23_2,OKST,TEX,31,28
401013320_23_3,OKST,TEX,31,28
401013320_25_0,OKST,TEX,31,28
401013320_25_2,OKST,TEX,31,28
401013320_25_3,OKST,TEX,31,28
401013320_25_5,OKST,TEX,31,28
401013320_25_7,OKST,TEX,38,28
401013320_27_1,OKST,TEX,38,35
401013320_27_3,OKST,TEX,38,35
401013320_27_5,OKST,TEX,38,35
401013320_27_7,OKST,TEX,38,35
